{
  "sessionId": "session_1771189922244",
  "botId": "v2-periodic-gen312-1771189922241",
  "botName": "Omega",
  "generation": 312,
  "genome": {
    "id": "v2-periodic-gen312-1771189922241",
    "name": "Omega",
    "generation": 312,
    "parentIds": [
      "v2-periodic-gen306-1771186618781",
      "v2-periodic-gen307-1771187218070"
    ],
    "strategyMask": [
      false,
      false,
      false,
      true,
      false,
      true,
      false,
      true,
      true,
      true,
      false,
      true,
      true,
      false,
      true,
      false,
      false,
      false,
      true,
      false,
      true,
      false,
      false,
      true,
      false,
      false,
      true,
      false,
      false,
      true
    ],
    "strategyWeights": [
      1.3460760848112305,
      0.9662714599061816,
      1.0853510431979658,
      1.0890145510117868,
      1.2613108303199823,
      1.4866799061515015,
      0.49197497919541056,
      0.2942688384843963,
      1.4462193723909509,
      1.3626299735730367,
      0.8319958519193038,
      0.3279424352199519,
      1.0927696777594906,
      0.6962169950360132,
      0.3712769636043135,
      0.41522709762648075,
      0.7438290553464835,
      0.3844102254156248,
      0.13455325486315606,
      1.1548072276424648,
      0.101436469649407,
      1.607300290372572,
      1.9573302717398198,
      0.15472589783695578,
      0.3392921621163214,
      0.26565540611182553,
      0.1,
      0.14324886712066426,
      2,
      0.1
    ],
    "consensus": {
      "minAgreeingSignals": 2,
      "maxOpposingSignals": 4,
      "minWeightedStrength": 46.38453088197903,
      "preferredDirection": "ANY"
    },
    "risk": {
      "atrMultiplierTP": 2.8153076579829053,
      "atrMultiplierSL": 1.0356986990936696,
      "trailingStopATR": 1.056025092653077,
      "flipExitThreshold": 7,
      "leverage": 62,
      "maxOpenPositions": 4,
      "maxExposurePercent": 35
    },
    "betting": {
      "basePercent": 4.277389445846281,
      "winMultiplier": 1,
      "lossMultiplier": 0.9080661086084202,
      "maxBetPercent": 12,
      "resetAfterLosses": 3
    },
    "symbols": [
      "BTCUSDT",
      "ETHUSDT",
      "SOLUSDT",
      "BNBUSDT",
      "XRPUSDT"
    ]
  },
  "startBankroll": 100,
  "endBankroll": 100,
  "peakBankroll": 100,
  "totalTrades": 0,
  "wins": 0,
  "losses": 0,
  "winRate": 0,
  "maxDrawdown": 0,
  "finalReason": "EVOLVED_OUT",
  "startTime": "2026-02-15T21:12:02.244Z",
  "endTime": "2026-02-15T21:12:05.217Z",
  "trades": [],
  "fitness": 0,
  "activeStrategies": [
    "macd_standard",
    "adx_trend",
    "supertrend",
    "ichimoku",
    "aroon",
    "rsi_7",
    "stochastic_14",
    "cci_20",
    "elder_ray",
    "bollinger_20_2",
    "atr_breakout",
    "cmf_20",
    "dpo"
  ]
}