{
  "sessionId": "session_1771164018298",
  "botId": "v2-periodic-gen229-1771164018296",
  "botName": "Apex",
  "generation": 229,
  "genome": {
    "id": "v2-periodic-gen229-1771164018296",
    "name": "Apex",
    "generation": 229,
    "parentIds": [
      "v2-periodic-gen222-1771161916431",
      "v2-periodic-gen220-1771161312579"
    ],
    "strategyMask": [
      true,
      true,
      true,
      false,
      false,
      false,
      false,
      false,
      true,
      false,
      false,
      false,
      true,
      false,
      false,
      true,
      false,
      false,
      false,
      false,
      false,
      false,
      false,
      true,
      false,
      false,
      false,
      false,
      true,
      true
    ],
    "strategyWeights": [
      1.3626505488997767,
      0.9662714599061816,
      0.9649111781771829,
      1.225744865314488,
      1.3474140733193865,
      1.4866799061515015,
      0.1926492182291996,
      0.31225667854429817,
      1.4373136336896055,
      1.5362128264857167,
      0.7866154364628368,
      0.34306354658892046,
      0.9511279038664441,
      0.7044019875964592,
      0.2187849573916797,
      0.5399261308090331,
      0.9499982409021742,
      0.2,
      0.496078044281261,
      0.9516465687988177,
      0.2579843192895431,
      1.6807641161454903,
      1.8754731994977885,
      0.13032417173510902,
      0.41554317153586445,
      0.26565540611182553,
      0.11415907778584318,
      0.1,
      2,
      0.1
    ],
    "consensus": {
      "minAgreeingSignals": 2,
      "maxOpposingSignals": 4,
      "minWeightedStrength": 45.94820509235757,
      "preferredDirection": "ANY"
    },
    "risk": {
      "atrMultiplierTP": 2.400028368233822,
      "atrMultiplierSL": 1.1528743945856181,
      "trailingStopATR": 0.973391196369715,
      "flipExitThreshold": 9,
      "leverage": 62,
      "maxOpenPositions": 4,
      "maxExposurePercent": 35
    },
    "betting": {
      "basePercent": 4.280271126929829,
      "winMultiplier": 1,
      "lossMultiplier": 0.9536317491348757,
      "maxBetPercent": 12,
      "resetAfterLosses": 3
    },
    "symbols": [
      "BTCUSDT",
      "ETHUSDT",
      "SOLUSDT",
      "BNBUSDT",
      "XRPUSDT"
    ]
  },
  "startBankroll": 100,
  "endBankroll": 98.32,
  "peakBankroll": 100.27,
  "totalTrades": 20,
  "wins": 3,
  "losses": 17,
  "winRate": 15,
  "maxDrawdown": 2.04,
  "finalReason": "EVOLVED_OUT",
  "startTime": "2026-02-15T14:00:18.298Z",
  "endTime": "2026-02-15T14:10:19.416Z",
  "trades": [
    {
      "symbol": "SOLUSDT",
      "side": "SHORT",
      "entryPrice": 86.96,
      "exitPrice": 86.88,
      "betAmount": 4.280271126929829,
      "pnlPercent": 5.7,
      "pnlValue": 0.24,
      "reason": "TAKE_PROFIT",
      "bankrollBefore": 100,
      "bankrollAfter": 100.24,
      "timestamp": "2026-02-15T14:02:56.220Z",
      "consensusSnapshot": {
        "agreeingCount": 5,
        "opposingCount": 1,
        "weightedStrength": 82.5862259636274,
        "topStrategies": [
          "ema_cross_9_21",
          "ema_triple_9_21_55",
          "ema_cross_12_26",
          "ichimoku",
          "roc_12"
        ]
      }
    },
    {
      "symbol": "SOLUSDT",
      "side": "SHORT",
      "entryPrice": 86.88,
      "exitPrice": 86.87,
      "betAmount": 4.290720848153764,
      "pnlPercent": 0.71,
      "pnlValue": 0.03,
      "reason": "TAKE_PROFIT",
      "bankrollBefore": 100.24,
      "bankrollAfter": 100.27,
      "timestamp": "2026-02-15T14:03:03.086Z",
      "consensusSnapshot": {
        "agreeingCount": 5,
        "opposingCount": 1,
        "weightedStrength": 83.52990494646255,
        "topStrategies": [
          "ema_cross_9_21",
          "ema_triple_9_21_55",
          "ema_cross_12_26",
          "ichimoku",
          "roc_12"
        ]
      }
    },
    {
      "symbol": "SOLUSDT",
      "side": "SHORT",
      "entryPrice": 86.87,
      "exitPrice": 86.87,
      "betAmount": 4.292031457972737,
      "pnlPercent": 0,
      "pnlValue": 0,
      "reason": "STOP_LOSS",
      "bankrollBefore": 100.27,
      "bankrollAfter": 100.27,
      "timestamp": "2026-02-15T14:03:18.889Z",
      "consensusSnapshot": {
        "agreeingCount": 5,
        "opposingCount": 1,
        "weightedStrength": 83.52990494646255,
        "topStrategies": [
          "ema_cross_9_21",
          "ema_triple_9_21_55",
          "ema_cross_12_26",
          "ichimoku",
          "roc_12"
        ]
      }
    },
    {
      "symbol": "SOLUSDT",
      "side": "SHORT",
      "entryPrice": 86.87,
      "exitPrice": 86.88,
      "betAmount": 4.093017466608453,
      "pnlPercent": -0.71,
      "pnlValue": -0.03,
      "reason": "STOP_LOSS",
      "bankrollBefore": 100.27,
      "bankrollAfter": 100.25,
      "timestamp": "2026-02-15T14:03:37.984Z",
      "consensusSnapshot": {
        "agreeingCount": 5,
        "opposingCount": 1,
        "weightedStrength": 83.52990494646255,
        "topStrategies": [
          "ema_cross_9_21",
          "ema_triple_9_21_55",
          "ema_cross_12_26",
          "ichimoku",
          "roc_12"
        ]
      }
    },
    {
      "symbol": "XRPUSDT",
      "side": "SHORT",
      "entryPrice": 1.5196,
      "exitPrice": 1.5198,
      "betAmount": 3.902094307259138,
      "pnlPercent": -0.82,
      "pnlValue": -0.03,
      "reason": "STOP_LOSS",
      "bankrollBefore": 100.25,
      "bankrollAfter": 100.21,
      "timestamp": "2026-02-15T14:03:41.606Z",
      "consensusSnapshot": {
        "agreeingCount": 4,
        "opposingCount": 2,
        "weightedStrength": 69.6784582991344,
        "topStrategies": [
          "ema_triple_9_21_55",
          "ichimoku",
          "ema_cross_12_26",
          "ema_cross_9_21"
        ]
      }
    },
    {
      "symbol": "SOLUSDT",
      "side": "SHORT",
      "entryPrice": 86.81,
      "exitPrice": 86.81,
      "betAmount": 4.289418201157339,
      "pnlPercent": 0,
      "pnlValue": 0,
      "reason": "STOP_LOSS",
      "bankrollBefore": 100.21,
      "bankrollAfter": 100.21,
      "timestamp": "2026-02-15T14:04:43.377Z",
      "consensusSnapshot": {
        "agreeingCount": 5,
        "opposingCount": 1,
        "weightedStrength": 83.52990494646255,
        "topStrategies": [
          "ema_cross_9_21",
          "ema_triple_9_21_55",
          "ema_cross_12_26",
          "ichimoku",
          "roc_12"
        ]
      }
    },
    {
      "symbol": "SOLUSDT",
      "side": "SHORT",
      "entryPrice": 86.81,
      "exitPrice": 86.81,
      "betAmount": 4.289418201157339,
      "pnlPercent": 0,
      "pnlValue": 0,
      "reason": "STOP_LOSS",
      "bankrollBefore": 100.21,
      "bankrollAfter": 100.21,
      "timestamp": "2026-02-15T14:04:53.278Z",
      "consensusSnapshot": {
        "agreeingCount": 5,
        "opposingCount": 1,
        "weightedStrength": 83.52990494646255,
        "topStrategies": [
          "ema_cross_9_21",
          "ema_triple_9_21_55",
          "ema_cross_12_26",
          "ichimoku",
          "roc_12"
        ]
      }
    },
    {
      "symbol": "SOLUSDT",
      "side": "SHORT",
      "entryPrice": 86.81,
      "exitPrice": 86.81,
      "betAmount": 4.289418201157339,
      "pnlPercent": 0,
      "pnlValue": 0,
      "reason": "STOP_LOSS",
      "bankrollBefore": 100.21,
      "bankrollAfter": 100.21,
      "timestamp": "2026-02-15T14:04:57.811Z",
      "consensusSnapshot": {
        "agreeingCount": 5,
        "opposingCount": 1,
        "weightedStrength": 86.3061619636729,
        "topStrategies": [
          "ema_cross_9_21",
          "ema_triple_9_21_55",
          "ema_cross_12_26",
          "ichimoku",
          "roc_12"
        ]
      }
    },
    {
      "symbol": "SOLUSDT",
      "side": "SHORT",
      "entryPrice": 86.81,
      "exitPrice": 86.81,
      "betAmount": 4.289418201157339,
      "pnlPercent": 0,
      "pnlValue": 0,
      "reason": "STOP_LOSS",
      "bankrollBefore": 100.21,
      "bankrollAfter": 100.21,