{
  "sessionId": "session_1771179057757",
  "botId": "v2-periodic-gen279-1771179057755",
  "botName": "Echo",
  "generation": 279,
  "genome": {
    "id": "v2-periodic-gen279-1771179057755",
    "name": "Echo",
    "generation": 279,
    "parentIds": [
      "v2-periodic-gen265-1771174846396",
      "v2-periodic-gen253-1771171237419"
    ],
    "strategyMask": [
      true,
      true,
      true,
      false,
      false,
      false,
      true,
      true,
      false,
      false,
      false,
      false,
      false,
      false,
      false,
      true,
      true,
      false,
      true,
      false,
      false,
      false,
      false,
      false,
      true,
      false,
      false,
      false,
      false,
      true
    ],
    "strategyWeights": [
      1.3626505488997767,
      0.8047069504354405,
      1.1448591575848728,
      1.225744865314488,
      1.4695365552268442,
      1.4866799061515015,
      0.383953369167392,
      0.31225667854429817,
      1.4373136336896055,
      1.3626299735730367,
      0.8319958519193038,
      0.3279424352199519,
      1.0927696777594906,
      0.6962169950360132,
      0.3712769636043135,
      0.5873280129404855,
      0.7797733713815518,
      0.2,
      0.24813179489744336,
      1.1548072276424648,
      0.2579843192895431,
      1.607300290372572,
      1.8754731994977885,
      0.15472589783695578,
      0.6053523072679522,
      0.1,
      0.1,
      0.25459680594591166,
      2,
      0.16027950262749943
    ],
    "consensus": {
      "minAgreeingSignals": 2,
      "maxOpposingSignals": 4,
      "minWeightedStrength": 46.38453088197903,
      "preferredDirection": "ANY"
    },
    "risk": {
      "atrMultiplierTP": 2.400028368233822,
      "atrMultiplierSL": 1.1528743945856181,
      "trailingStopATR": 1.056025092653077,
      "flipExitThreshold": 7,
      "leverage": 62,
      "maxOpenPositions": 4,
      "maxExposurePercent": 35
    },
    "betting": {
      "basePercent": 4.277389445846281,
      "winMultiplier": 1.1363936006699231,
      "lossMultiplier": 0.9536317491348757,
      "maxBetPercent": 12,
      "resetAfterLosses": 3
    },
    "symbols": [
      "BTCUSDT",
      "ETHUSDT",
      "SOLUSDT",
      "BNBUSDT",
      "XRPUSDT"
    ]
  },
  "startBankroll": 100,
  "endBankroll": 99.88,
  "peakBankroll": 100,
  "totalTrades": 8,
  "wins": 1,
  "losses": 7,
  "winRate": 12.5,
  "maxDrawdown": 0.15,
  "finalReason": "EVOLVED_OUT",
  "startTime": "2026-02-15T18:10:57.757Z",
  "endTime": "2026-02-15T18:16:03.118Z",
  "trades": [
    {
      "symbol": "BNBUSDT",
      "side": "SHORT",
      "entryPrice": 614.44,
      "exitPrice": 614.51,
      "betAmount": 4.277389445846281,
      "pnlPercent": -0.71,
      "pnlValue": -0.03,
      "reason": "STOP_LOSS",
      "bankrollBefore": 100,
      "bankrollAfter": 99.97,
      "timestamp": "2026-02-15T18:11:12.445Z",
      "consensusSnapshot": {
        "agreeingCount": 5,
        "opposingCount": 3,
        "weightedStrength": 49.88536152990672,
        "topStrategies": [
          "ema_triple_9_21_55",
          "ema_cross_12_26",
          "ema_cross_9_21",
          "parabolic_sar",
          "supertrend"
        ]
      }
    },
    {
      "symbol": "BTCUSDT",
      "side": "SHORT",
      "entryPrice": 68642.1,
      "exitPrice": 68650.8,
      "betAmount": 4.277389445846281,
      "pnlPercent": -0.79,
      "pnlValue": -0.03,
      "reason": "STOP_LOSS",
      "bankrollBefore": 99.97,
      "bankrollAfter": 99.94,
      "timestamp": "2026-02-15T18:11:22.048Z",
      "consensusSnapshot": {
        "agreeingCount": 3,
        "opposingCount": 4,
        "weightedStrength": 49.3879813805755,
        "topStrategies": [
          "ema_triple_9_21_55",
          "ema_cross_9_21",
          "ema_cross_12_26"
        ]
      }
    },
    {
      "symbol": "XRPUSDT",
      "side": "SHORT",
      "entryPrice": 1.4912,
      "exitPrice": 1.4915,
      "betAmount": 4.277389445846281,
      "pnlPercent": -1.25,
      "pnlValue": -0.05,
      "reason": "STOP_LOSS",
      "bankrollBefore": 99.94,
      "bankrollAfter": 99.88,
      "timestamp": "2026-02-15T18:11:22.853Z",
      "consensusSnapshot": {
        "agreeingCount": 6,
        "opposingCount": 3,
        "weightedStrength": 54.43648728105129,
        "topStrategies": [
          "ema_triple_9_21_55",
          "ema_cross_12_26",
          "ema_cross_9_21",
          "parabolic_sar",
          "roc_12"
        ]
      }
    },
    {
      "symbol": "SOLUSDT",
      "side": "SHORT",
      "entryPrice": 86.49,
      "exitPrice": 86.5,
      "betAmount": 4.2723773005689365,
      "pnlPercent": -0.72,
      "pnlValue": -0.03,
      "reason": "STOP_LOSS",
      "bankrollBefore": 99.88,
      "bankrollAfter": 99.85,
      "timestamp": "2026-02-15T18:12:30.568Z",
      "consensusSnapshot": {
        "agreeingCount": 4,
        "opposingCount": 4,
        "weightedStrength": 50.37128055549206,
        "topStrategies": [
          "ema_triple_9_21_55",
          "ema_cross_12_26",
          "parabolic_sar",
          "supertrend"
        ]
      }
    },
    {
      "symbol": "SOLUSDT",
      "side": "SHORT",
      "entryPrice": 86.48,
      "exitPrice": 86.45,
      "betAmount": 4.271067291853945,
      "pnlPercent": 2.15,
      "pnlValue": 0.09,
      "reason": "TAKE_PROFIT",
      "bankrollBefore": 99.85,
      "bankrollAfter": 99.94,
      "timestamp": "2026-02-15T18:13:37.666Z",
      "consensusSnapshot": {
        "agreeingCount": 4,
        "opposingCount": 4,
        "weightedStrength": 50.37128055549206,
        "topStrategies": [
          "ema_triple_9_21_55",
          "ema_cross_12_26",
          "parabolic_sar",
          "supertrend"
        ]
      }
    },
    {
      "symbol": "SOLUSDT",
      "side": "SHORT",
      "entryPrice": 86.45,
      "exitPrice": 86.45,
      "betAmount": 4.858078741928017,
      "pnlPercent": 0,
      "pnlValue": 0,
      "reason": "STOP_LOSS",
      "bankrollBefore": 99.94,
      "bankrollAfter": 99.94,
      "timestamp": "2026-02-15T18:13:42.643Z",
      "consensusSnapshot": {
        "agreeingCount": 4,
        "opposingCount": 4,
        "weightedStrength": 50.37128055549206,
        "topStrategies": [
          "ema_triple_9_21_55",
          "ema_cross_12_26",
          "parabolic_sar",
          "supertrend"
        ]
      }
    },
    {
      "symbol": "SOLUSDT",
      "side": "SHORT",
      "entryPrice": 86.44,
      "exitPrice": 86.44,
      "betAmount": 4.63281812809977,
      "pnlPercent": 0,
      "pnlValue": 0,
      "reason": "STOP_LOSS",
      "bankrollBefore": 99.94,
      "bankrollAfter": 99.94,
      "timestamp": "2026-02-15T18:13:49.520Z",
      "consensusSnapshot": {
        "agreeingCount": 4,
        "opposingCount": 4,
        "weightedStrength": 50.37128055549206,
        "topStrategies": [
          "ema_triple_9_21_55",
          "ema_cross_12_26",
          "parabolic_sar",
          "supertrend"
        ]
      }
    },
    {
      "symbol": "SOLUSDT",
      "side": "SHORT",
      "entryPrice": 86.47,
      "exitPrice": 86.49,
      "betAmount": 4.4180024549235455,
      "pnlPercent": -1.43,
      "pnlValue": -0.06,
      "reason": "STOP_LOSS",
      "bankrollBefore": 99.94,
      "bankrollAfter": 99.88,
      "timestamp": "2026-02-15T18:14:27.358Z",
      "consensusSnapshot": {
        "agreeingCount": 4,
        "opposingCount": 4,
        "weightedStrength": 50.37128055549206,
        "topStrategies": [
          "ema_triple_9_21_55",
          "ema_cross_12_26",
          "parabolic_sar",
          "supertrend"
        ]
      }
    }
  ],
  "fitness": 11.707304595553918,
  "activeStrategies": [
    "ema_cross_9_21",
    "ema_cross_12_26",
    "ema_triple_9_21_55",
    "parabolic_sar",
    "supertrend",
    "roc_12",
    "momentum_10",
    "elder_ray",
    "obv_trend",
    "dpo"
  ]
}