{
  "sessionId": "session_1771189025547",
  "botId": "v2-periodic-gen310-1771189025545",
  "botName": "Sigma",
  "generation": 310,
  "genome": {
    "id": "v2-periodic-gen310-1771189025545",
    "name": "Sigma",
    "generation": 310,
    "parentIds": [
      "v2-periodic-gen306-1771186618781",
      "v2-periodic-gen280-1771179363118"
    ],
    "strategyMask": [
      true,
      false,
      true,
      false,
      false,
      false,
      false,
      true,
      true,
      true,
      false,
      false,
      false,
      false,
      false,
      true,
      false,
      false,
      true,
      false,
      true,
      true,
      false,
      true,
      true,
      false,
      false,
      true,
      false,
      true
    ],
    "strategyWeights": [
      1.3626505488997767,
      0.9662714599061816,
      1.0853510431979658,
      1.0113813336596658,
      1.3474140733193865,
      1.4866799061515015,
      0.49197497919541056,
      0.31225667854429817,
      1.4462193723909509,
      1.3626299735730367,
      0.8319958519193038,
      0.3279424352199519,
      1.0927696777594906,
      0.5061515808492165,
      0.3712769636043135,
      0.41522709762648075,
      0.7797733713815518,
      0.2589792890107694,
      0.11976576151866189,
      1.1548072276424648,
      0.101436469649407,
      1.607300290372572,
      1.8754731994977885,
      0.15472589783695578,
      0.16208306435192615,
      0.26565540611182553,
      0.1,
      0.14324886712066426,
      2,
      0.2093218074152406
    ],
    "consensus": {
      "minAgreeingSignals": 4,
      "maxOpposingSignals": 4,
      "minWeightedStrength": 46.38453088197903,
      "preferredDirection": "ANY"
    },
    "risk": {
      "atrMultiplierTP": 2.834430512883989,
      "atrMultiplierSL": 1.3047541142281391,
      "trailingStopATR": 1.056025092653077,
      "flipExitThreshold": 7,
      "leverage": 62,
      "maxOpenPositions": 4,
      "maxExposurePercent": 35
    },
    "betting": {
      "basePercent": 4.277389445846281,
      "winMultiplier": 1,
      "lossMultiplier": 0.9081244546802562,
      "maxBetPercent": 12,
      "resetAfterLosses": 3
    },
    "symbols": [
      "BTCUSDT",
      "ETHUSDT",
      "SOLUSDT",
      "BNBUSDT",
      "XRPUSDT"
    ]
  },
  "startBankroll": 100,
  "endBankroll": 100.28,
  "peakBankroll": 100.28,
  "totalTrades": 1,
  "wins": 1,
  "losses": 0,
  "winRate": 100,
  "maxDrawdown": 0,
  "finalReason": "EVOLVED_OUT",
  "startTime": "2026-02-15T20:57:05.547Z",
  "endTime": "2026-02-15T21:02:01.632Z",
  "trades": [
    {
      "symbol": "SOLUSDT",
      "side": "LONG",
      "entryPrice": 85.75,
      "exitPrice": 85.84,
      "betAmount": 4.277389445846281,
      "pnlPercent": 6.51,
      "pnlValue": 0.28,
      "reason": "TAKE_PROFIT",
      "bankrollBefore": 100,
      "bankrollAfter": 100.28,
      "timestamp": "2026-02-15T21:01:00.815Z",
      "consensusSnapshot": {
        "agreeingCount": 6,
        "opposingCount": 1,
        "weightedStrength": 52.93470129513673,
        "topStrategies": [
          "aroon",
          "ichimoku",
          "ema_triple_9_21_55",
          "ema_cross_9_21",
          "supertrend"
        ]
      }
    }
  ],
  "fitness": 0,
  "activeStrategies": [
    "ema_cross_9_21",
    "ema_triple_9_21_55",
    "supertrend",
    "ichimoku",
    "aroon",
    "roc_12",
    "elder_ray",
    "bollinger_20_2",
    "bollinger_10_15",
    "atr_breakout",
    "obv_trend",
    "volume_spike",
    "dpo"
  ]
}