{
  "sessionId": "session_1771151394101",
  "botId": "v2-periodic-gen183-1771151394099",
  "botName": "Atlas",
  "generation": 183,
  "genome": {
    "id": "v2-periodic-gen183-1771151394099",
    "name": "Atlas",
    "generation": 183,
    "parentIds": [
      "v2-periodic-gen178-1771149888991",
      "v2-periodic-gen175-1771148686704"
    ],
    "strategyMask": [
      false,
      true,
      true,
      false,
      true,
      true,
      false,
      true,
      true,
      false,
      false,
      false,
      true,
      true,
      false,
      true,
      false,
      true,
      false,
      true,
      false,
      false,
      false,
      false,
      false,
      false,
      false,
      true,
      false,
      true
    ],
    "strategyWeights": [
      0.9338834943280233,
      0.9662714599061816,
      1.097790875710547,
      1.3278689845131475,
      1.3092099294980435,
      1.3631598599203607,
      0.1926492182291996,
      0.30788310088524673,
      1.3596033116530581,
      1.264962331804039,
      0.8081949016065122,
      0.4844137664295882,
      1.0679172412007698,
      0.840859824129668,
      0.2187849573916797,
      0.5399261308090331,
      1.0962274506606122,
      0.11990965317297159,
      0.3161002862434425,
      0.8107944807653374,
      0.2579843192895431,
      1.6807641161454903,
      1.6805208342665754,
      0.1,
      0.41554317153586445,
      0.26565540611182553,
      0.2919255774238299,
      0.2035136280986114,
      2,
      0.1
    ],
    "consensus": {
      "minAgreeingSignals": 2,
      "maxOpposingSignals": 3,
      "minWeightedStrength": 52.169943876671475,
      "preferredDirection": "ANY"
    },
    "risk": {
      "atrMultiplierTP": 2.400028368233822,
      "atrMultiplierSL": 0.9397098898126611,
      "trailingStopATR": 0.973391196369715,
      "flipExitThreshold": 7,
      "leverage": 54,
      "maxOpenPositions": 4,
      "maxExposurePercent": 35
    },
    "betting": {
      "basePercent": 4.277389445846281,
      "winMultiplier": 1,
      "lossMultiplier": 0.8603119710783425,
      "maxBetPercent": 12,
      "resetAfterLosses": 3
    },
    "symbols": [
      "BTCUSDT",
      "ETHUSDT",
      "SOLUSDT",
      "BNBUSDT",
      "XRPUSDT"
    ]
  },
  "startBankroll": 100,
  "endBankroll": 100.47,
  "peakBankroll": 100.47,
  "totalTrades": 2,
  "wins": 2,
  "losses": 0,
  "winRate": 100,
  "maxDrawdown": 0,
  "finalReason": "EVOLVED_OUT",
  "startTime": "2026-02-15T10:29:54.101Z",
  "endTime": "2026-02-15T10:34:54.866Z",
  "trades": [
    {
      "symbol": "SOLUSDT",
      "side": "SHORT",
      "entryPrice": 89.27,
      "exitPrice": 89.18,
      "betAmount": 4.277389445846281,
      "pnlPercent": 5.44,
      "pnlValue": 0.23,
      "reason": "TAKE_PROFIT",
      "bankrollBefore": 100,
      "bankrollAfter": 100.23,
      "timestamp": "2026-02-15T10:30:05.486Z",
      "consensusSnapshot": {
        "agreeingCount": 6,
        "opposingCount": 2,
        "weightedStrength": 56.64042904769348,
        "topStrategies": [
          "ema_triple_9_21_55",
          "ichimoku",
          "ema_cross_12_26",
          "macd_fast",
          "supertrend"
        ]
      }
    },
    {
      "symbol": "SOLUSDT",
      "side": "SHORT",
      "entryPrice": 89.27,
      "exitPrice": 89.18,
      "betAmount": 4.287350110559082,
      "pnlPercent": 5.44,
      "pnlValue": 0.23,
      "reason": "TAKE_PROFIT",
      "bankrollBefore": 100.23,
      "bankrollAfter": 100.47,
      "timestamp": "2026-02-15T10:34:29.777Z",
      "consensusSnapshot": {
        "agreeingCount": 6,
        "opposingCount": 2,
        "weightedStrength": 67.09692515009047,
        "topStrategies": [
          "macd_fast",
          "ema_triple_9_21_55",
          "ichimoku",
          "ema_cross_12_26",
          "supertrend"
        ]
      }
    }
  ],
  "fitness": 0,
  "activeStrategies": [
    "ema_cross_12_26",
    "ema_triple_9_21_55",
    "macd_fast",
    "adx_trend",
    "supertrend",
    "ichimoku",
    "stochastic_14",
    "williams_r",
    "roc_12",
    "trix_15",
    "mfi_14",
    "volume_spike",
    "dpo"
  ]
}