{
  "sessionId": "session_1771168528732",
  "botId": "v2-periodic-gen243-1771168528730",
  "botName": "Atlas",
  "generation": 243,
  "genome": {
    "id": "v2-periodic-gen243-1771168528730",
    "name": "Atlas",
    "generation": 243,
    "parentIds": [
      "v2-periodic-gen241-1771167927389",
      "v2-periodic-gen234-1771166125011"
    ],
    "strategyMask": [
      true,
      true,
      true,
      true,
      false,
      true,
      false,
      true,
      false,
      false,
      true,
      false,
      false,
      false,
      false,
      true,
      true,
      false,
      true,
      false,
      false,
      true,
      false,
      false,
      false,
      true,
      false,
      true,
      true,
      true
    ],
    "strategyWeights": [
      1.3626505488997767,
      0.9662714599061816,
      0.9123709520320121,
      1.225744865314488,
      1.3474140733193865,
      1.4866799061515015,
      0.383953369167392,
      0.21800216097185995,
      1.4581032065151516,
      1.3626299735730367,
      0.8615760120676996,
      0.2106355095342573,
      1.0927696777594906,
      0.6962169950360132,
      0.1948260884292608,
      0.5399261308090331,
      0.9311587030964225,
      0.33801343327315214,
      0.3228554721951392,
      0.9561468080103537,
      0.2579843192895431,
      1.607300290372572,
      1.8632495602395251,
      0.15472589783695578,
      0.41554317153586445,
      0.245661750214818,
      0.13596267421723512,
      0.1,
      2,
      0.1
    ],
    "consensus": {
      "minAgreeingSignals": 2,
      "maxOpposingSignals": 4,
      "minWeightedStrength": 45.94820509235757,
      "preferredDirection": "ANY"
    },
    "risk": {
      "atrMultiplierTP": 2.400028368233822,
      "atrMultiplierSL": 1.1528743945856181,
      "trailingStopATR": 0.973391196369715,
      "flipExitThreshold": 7,
      "leverage": 59,
      "maxOpenPositions": 4,
      "maxExposurePercent": 35
    },
    "betting": {
      "basePercent": 4.277389445846281,
      "winMultiplier": 1.0379803691831115,
      "lossMultiplier": 0.9536317491348757,
      "maxBetPercent": 12,
      "resetAfterLosses": 3
    },
    "symbols": [
      "BTCUSDT",
      "ETHUSDT",
      "SOLUSDT",
      "BNBUSDT",
      "XRPUSDT"
    ]
  },
  "startBankroll": 100,
  "endBankroll": 97.72,
  "peakBankroll": 100,
  "totalTrades": 16,
  "wins": 2,
  "losses": 14,
  "winRate": 12.5,
  "maxDrawdown": 2.28,
  "finalReason": "EVOLVED_OUT",
  "startTime": "2026-02-15T15:15:28.732Z",
  "endTime": "2026-02-15T15:20:29.550Z",
  "trades": [
    {
      "symbol": "SOLUSDT",
      "side": "LONG",
      "entryPrice": 87.54,
      "exitPrice": 87.54,
      "betAmount": 4.277389445846281,
      "pnlPercent": 0,
      "pnlValue": 0,
      "reason": "STOP_LOSS",
      "bankrollBefore": 100,
      "bankrollAfter": 100,
      "timestamp": "2026-02-15T15:15:37.068Z",
      "consensusSnapshot": {
        "agreeingCount": 8,
        "opposingCount": 1,
        "weightedStrength": 50.89807255942517,
        "topStrategies": [
          "macd_standard",
          "momentum_10",
          "ema_cross_9_21",
          "ema_triple_9_21_55",
          "ema_cross_12_26"
        ]
      }
    },
    {
      "symbol": "BNBUSDT",
      "side": "LONG",
      "entryPrice": 622.43,
      "exitPrice": 622.43,
      "betAmount": 4.277389445846281,
      "pnlPercent": 0,
      "pnlValue": 0,
      "reason": "STOP_LOSS",
      "bankrollBefore": 100,
      "bankrollAfter": 100,
      "timestamp": "2026-02-15T15:15:37.342Z",
      "consensusSnapshot": {
        "agreeingCount": 8,
        "opposingCount": 2,
        "weightedStrength": 46.81479765493505,
        "topStrategies": [
          "macd_standard",
          "momentum_10",
          "ema_triple_9_21_55",
          "ema_cross_9_21",
          "ema_cross_12_26"
        ]
      }
    },
    {
      "symbol": "SOLUSDT",
      "side": "LONG",
      "entryPrice": 87.58,
      "exitPrice": 87.55,
      "betAmount": 3.889915762236721,
      "pnlPercent": -2.02,
      "pnlValue": -0.08,
      "reason": "STOP_LOSS",
      "bankrollBefore": 100,
      "bankrollAfter": 99.92,
      "timestamp": "2026-02-15T15:15:48.127Z",
      "consensusSnapshot": {
        "agreeingCount": 8,
        "opposingCount": 1,
        "weightedStrength": 50.89807255942517,
        "topStrategies": [
          "macd_standard",
          "momentum_10",
          "ema_cross_9_21",
          "ema_triple_9_21_55",
          "ema_cross_12_26"
        ]
      }
    },
    {
      "symbol": "BNBUSDT",
      "side": "LONG",
      "entryPrice": 622.42,
      "exitPrice": 622.37,
      "betAmount": 3.889915762236721,
      "pnlPercent": -0.47,
      "pnlValue": -0.02,
      "reason": "STOP_LOSS",
      "bankrollBefore": 99.92,
      "bankrollAfter": 99.9,
      "timestamp": "2026-02-15T15:15:48.399Z",
      "consensusSnapshot": {
        "agreeingCount": 8,
        "opposingCount": 2,
        "weightedStrength": 46.81479765493505,
        "topStrategies": [
          "macd_standard",
          "momentum_10",
          "ema_triple_9_21_55",
          "ema_cross_9_21",
          "ema_cross_12_26"
        ]
      }
    },
    {
      "symbol": "BNBUSDT",
      "side": "LONG",
      "entryPrice": 622.3,
      "exitPrice": 622.14,
      "betAmount": 4.273238150844281,
      "pnlPercent": -1.52,
      "pnlValue": -0.06,
      "reason": "STOP_LOSS",
      "bankrollBefore": 99.9,
      "bankrollAfter": 99.84,
      "timestamp": "2026-02-15T15:16:58.921Z",
      "consensusSnapshot": {
        "agreeingCount": 8,
        "opposingCount": 2,
        "weightedStrength": 46.81479765493505,
        "topStrategies": [
          "macd_standard",
          "momentum_10",
          "ema_triple_9_21_55",
          "ema_cross_9_21",
          "ema_cross_12_26"
        ]
      }
    },
    {
      "symbol": "SOLUSDT",
      "side": "LONG",
      "entryPrice": 87.48,
      "exitPrice": 87.46,
      "betAmount": 4.273238150844281,
      "pnlPercent": -1.35,
      "pnlValue": -0.06,
      "reason": "STOP_LOSS",
      "bankrollBefore": 99.84,
      "bankrollAfter": 99.78,
      "timestamp": "2026-02-15T15:17:20.611Z",
      "consensusSnapshot": {
        "agreeingCount": 9,
        "opposingCount": 1,
        "weightedStrength": 46.61452778916054,
        "topStrategies": [
          "macd_standard",
          "ema_cross_9_21",
          "ema_triple_9_21_55",
          "momentum_10",
          "ema_cross_12_26"
        ]
      }
    },
    {
      "symbol": "XRPUSDT",
      "side": "LONG",
      "entryPrice": 1.5374,
      "exitPrice": 1.534,
      "betAmount": 4.277389445846281,
      "pnlPercent": -13.05,
      "pnlValue": -0.56,
      "reason": "STOP_LOSS",
      "bankrollBefore": 99.78,
      "bankrollAfter": 99.22,
      "timestamp": "2026-02-15T15:17:30.189Z",
      "consensusSnapshot": {
        "agreeingCount": 7,
        "opposingCount": 2,
        "weightedStrength": 72.43528938179365,
        "topStrategies": [
          "macd_standard",
          "ema_triple_9_21_55",
          "ema_cross_12_26",
          "ema_cross_9_21",
          "momentum_10"
        ]
      }
    },
    {
      "symbol": "BTCUSDT",
      "side": "LONG",
      "entryPrice": 69089.7,
      "exitPrice": 68987.2,
      "betAmount": 4.267999894265645,
      "pnlPercent": -8.75,
      "pnlValue": -0.37,
      "reason": "STOP_LOSS",
      "bankrollBefore": 99.22,
      "bankrollAfter": 98.85,
      "timestamp": "2026-02-15T15:18:19.524Z",
      "consensusSnapshot": {
        "agreeingCount": 6,
        "opposingCount": 2,
        "weightedStrength": 80.73108084436386,
        "topStrategies": [
          "mass_index",
          "bollinger_10_15",
          "macd_standard",
          "ema_triple_9_21_55",
          "ema_cross_12_26"
        ]
      }
    },
    {
      "symbol": "XRPUSDT",
      "side": "LONG",
      "entryPrice": 1.5337,
      "exitPrice": 1.5338,
      "betAmount": 4.228147594010955,
      "pnlPercent": 0.38,