{
  "sessionId": "session_1771158905659",
  "botId": "v2-periodic-gen211-1771158905658",
  "botName": "Delta",
  "generation": 211,
  "genome": {
    "id": "v2-periodic-gen211-1771158905658",
    "name": "Delta",
    "generation": 211,
    "parentIds": [
      "v2-periodic-gen198-1771155598700",
      "v2-periodic-gen191-1771153198362"
    ],
    "strategyMask": [
      true,
      true,
      false,
      true,
      false,
      false,
      false,
      true,
      true,
      false,
      false,
      false,
      true,
      true,
      true,
      true,
      false,
      false,
      true,
      false,
      false,
      false,
      false,
      true,
      false,
      false,
      false,
      true,
      false,
      true
    ],
    "strategyWeights": [
      1.1962092096587127,
      0.9662714599061816,
      1.097790875710547,
      1.3278689845131475,
      1.3474140733193865,
      1.3631598599203607,
      0.1926492182291996,
      0.31225667854429817,
      1.3596033116530581,
      1.3626299735730367,
      0.9030203046169256,
      0.3516806888506088,
      1.0927696777594906,
      0.840859824129668,
      0.2187849573916797,
      0.5399261308090331,
      0.9311587030964225,
      0.13447484926768186,
      0.496078044281261,
      1.0681050054900632,
      0.2644091261838928,
      1.6807641161454903,
      1.8754731994977885,
      0.21500812219352936,
      0.2557853928350374,
      0.26565540611182553,
      0.1,
      0.1,
      1.9252244950721107,
      0.1
    ],
    "consensus": {
      "minAgreeingSignals": 3,
      "maxOpposingSignals": 3,
      "minWeightedStrength": 45.94820509235757,
      "preferredDirection": "ANY"
    },
    "risk": {
      "atrMultiplierTP": 2.400028368233822,
      "atrMultiplierSL": 1.1528743945856181,
      "trailingStopATR": 0.973391196369715,
      "flipExitThreshold": 7,
      "leverage": 54,
      "maxOpenPositions": 4,
      "maxExposurePercent": 35
    },
    "betting": {
      "basePercent": 4.277389445846281,
      "winMultiplier": 1,
      "lossMultiplier": 0.9536317491348757,
      "maxBetPercent": 12,
      "resetAfterLosses": 3
    },
    "symbols": [
      "BTCUSDT",
      "ETHUSDT",
      "SOLUSDT",
      "BNBUSDT",
      "XRPUSDT"
    ]
  },
  "startBankroll": 100,
  "endBankroll": 100,
  "peakBankroll": 100,
  "totalTrades": 0,
  "wins": 0,
  "losses": 0,
  "winRate": 0,
  "maxDrawdown": 0,
  "finalReason": "EVOLVED_OUT",
  "startTime": "2026-02-15T12:35:05.659Z",
  "endTime": "2026-02-15T12:35:09.476Z",
  "trades": [],
  "fitness": 0,
  "activeStrategies": [
    "ema_cross_9_21",
    "ema_cross_12_26",
    "macd_standard",
    "supertrend",
    "ichimoku",
    "stochastic_14",
    "williams_r",
    "cci_20",
    "roc_12",
    "elder_ray",
    "atr_breakout",
    "volume_spike",
    "dpo"
  ]
}