{
  "sessionId": "session_1771183914819",
  "botId": "v2-periodic-gen293-1771183914817",
  "botName": "Nova",
  "generation": 293,
  "genome": {
    "id": "v2-periodic-gen293-1771183914817",
    "name": "Nova",
    "generation": 293,
    "parentIds": [
      "v2-periodic-gen292-1771183614153",
      "v2-periodic-gen280-1771179363118"
    ],
    "strategyMask": [
      true,
      false,
      true,
      false,
      false,
      true,
      false,
      false,
      false,
      false,
      false,
      false,
      false,
      false,
      true,
      false,
      true,
      true,
      true,
      true,
      false,
      false,
      true,
      true,
      false,
      false,
      false,
      false,
      true,
      true
    ],
    "strategyWeights": [
      1.3626505488997767,
      0.9662714599061816,
      1.0853510431979658,
      1.0890145510117868,
      1.4196844053237478,
      1.620800608324446,
      0.383953369167392,
      0.24150000665149235,
      1.4462193723909509,
      1.3626299735730367,
      0.8319958519193038,
      0.4278976871995507,
      1.0927696777594906,
      0.6962169950360132,
      0.3712769636043135,
      0.41522709762648075,
      0.7797733713815518,
      0.2,
      0.13455325486315606,
      1.1548072276424648,
      0.101436469649407,
      1.607300290372572,
      1.8754731994977885,
      0.15472589783695578,
      0.42277018645599906,
      0.26565540611182553,
      0.1,
      0.25459680594591166,
      2,
      0.1
    ],
    "consensus": {
      "minAgreeingSignals": 3,
      "maxOpposingSignals": 4,
      "minWeightedStrength": 46.38453088197903,
      "preferredDirection": "ANY"
    },
    "risk": {
      "atrMultiplierTP": 2.834430512883989,
      "atrMultiplierSL": 1.1528743945856181,
      "trailingStopATR": 1.3176511464822782,
      "flipExitThreshold": 7,
      "leverage": 62,
      "maxOpenPositions": 4,
      "maxExposurePercent": 35
    },
    "betting": {
      "basePercent": 4.607000644026073,
      "winMultiplier": 1,
      "lossMultiplier": 0.9814749620104269,
      "maxBetPercent": 12,
      "resetAfterLosses": 3
    },
    "symbols": [
      "BTCUSDT",
      "ETHUSDT",
      "SOLUSDT",
      "BNBUSDT",
      "XRPUSDT"
    ]
  },
  "startBankroll": 100,
  "endBankroll": 99.46,
  "peakBankroll": 100.1,
  "totalTrades": 20,
  "wins": 6,
  "losses": 14,
  "winRate": 30,
  "maxDrawdown": 0.64,
  "finalReason": "EVOLVED_OUT",
  "startTime": "2026-02-15T19:31:54.819Z",
  "endTime": "2026-02-15T19:36:52.012Z",
  "trades": [
    {
      "symbol": "BTCUSDT",
      "side": "LONG",
      "entryPrice": 68457.2,
      "exitPrice": 68457.5,
      "betAmount": 4.607000644026073,
      "pnlPercent": 0.03,
      "pnlValue": 0,
      "reason": "TAKE_PROFIT",
      "bankrollBefore": 100,
      "bankrollAfter": 100,
      "timestamp": "2026-02-15T19:32:06.387Z",
      "consensusSnapshot": {
        "agreeingCount": 5,
        "opposingCount": 3,
        "weightedStrength": 51.465548358243495,
        "topStrategies": [
          "adx_trend",
          "ema_cross_9_21",
          "momentum_10",
          "trix_15",
          "elder_ray"
        ]
      }
    },
    {
      "symbol": "BNBUSDT",
      "side": "LONG",
      "entryPrice": 613.17,
      "exitPrice": 613.38,
      "betAmount": 4.607000644026073,
      "pnlPercent": 2.12,
      "pnlValue": 0.1,
      "reason": "TAKE_PROFIT",
      "bankrollBefore": 100,
      "bankrollAfter": 100.1,
      "timestamp": "2026-02-15T19:32:06.658Z",
      "consensusSnapshot": {
        "agreeingCount": 6,
        "opposingCount": 3,
        "weightedStrength": 51.674398932427955,
        "topStrategies": [
          "ema_cross_9_21",
          "adx_trend",
          "momentum_10",
          "ema_triple_9_21_55",
          "trix_15"
        ]
      }
    },
    {
      "symbol": "BNBUSDT",
      "side": "LONG",
      "entryPrice": 613.16,
      "exitPrice": 613.01,
      "betAmount": 4.611565094261766,
      "pnlPercent": -1.52,
      "pnlValue": -0.07,
      "reason": "STOP_LOSS",
      "bankrollBefore": 100.1,
      "bankrollAfter": 100.03,
      "timestamp": "2026-02-15T19:32:10.517Z",
      "consensusSnapshot": {
        "agreeingCount": 6,
        "opposingCount": 3,
        "weightedStrength": 56.46720519554779,
        "topStrategies": [
          "adx_trend",
          "ema_cross_9_21",
          "momentum_10",
          "ema_triple_9_21_55",
          "trix_15"
        ]
      }
    },
    {
      "symbol": "BTCUSDT",
      "side": "LONG",
      "entryPrice": 68457.5,
      "exitPrice": 68450.1,
      "betAmount": 4.611565094261766,
      "pnlPercent": -0.67,
      "pnlValue": -0.03,
      "reason": "STOP_LOSS",
      "bankrollBefore": 100.03,
      "bankrollAfter": 100,
      "timestamp": "2026-02-15T19:32:20.236Z",
      "consensusSnapshot": {
        "agreeingCount": 5,
        "opposingCount": 3,
        "weightedStrength": 51.465548358243495,
        "topStrategies": [
          "adx_trend",
          "ema_cross_9_21",
          "momentum_10",
          "trix_15",
          "elder_ray"
        ]
      }
    },
    {
      "symbol": "BTCUSDT",
      "side": "LONG",
      "entryPrice": 68455.7,
      "exitPrice": 68449.7,
      "betAmount": 4.437813151229049,
      "pnlPercent": -0.54,
      "pnlValue": -0.02,
      "reason": "STOP_LOSS",
      "bankrollBefore": 100,
      "bankrollAfter": 99.97,
      "timestamp": "2026-02-15T19:33:26.067Z",
      "consensusSnapshot": {
        "agreeingCount": 4,
        "opposingCount": 2,
        "weightedStrength": 49.57957805192366,
        "topStrategies": [
          "adx_trend",
          "ema_cross_9_21",
          "momentum_10",
          "trix_15"
        ]
      }
    },
    {
      "symbol": "BNBUSDT",
      "side": "LONG",
      "entryPrice": 612.41,
      "exitPrice": 612.4,
      "betAmount": 4.437813151229049,
      "pnlPercent": -0.1,
      "pnlValue": 0,
      "reason": "STOP_LOSS",
      "bankrollBefore": 99.97,
      "bankrollAfter": 99.97,
      "timestamp": "2026-02-15T19:33:42.780Z",
      "consensusSnapshot": {
        "agreeingCount": 6,
        "opposingCount": 3,
        "weightedStrength": 54.35937170527953,
        "topStrategies": [
          "adx_trend",
          "ema_cross_9_21",
          "momentum_10",
          "ema_triple_9_21_55",
          "trix_15"
        ]
      }
    },
    {
      "symbol": "XRPUSDT",
      "side": "SHORT",
      "entryPrice": 1.456,
      "exitPrice": 1.4573,
      "betAmount": 4.605600855413056,
      "pnlPercent": -5.54,
      "pnlValue": -0.25,
      "reason": "STOP_LOSS",
      "bankrollBefore": 99.97,
      "bankrollAfter": 99.71,
      "timestamp": "2026-02-15T19:34:32.730Z",
      "consensusSnapshot": {
        "agreeingCount": 7,
        "opposingCount": 3,
        "weightedStrength": 47.52326844480433,
        "topStrategies": [
          "ema_triple_9_21_55",
          "ema_cross_9_21",
          "momentum_10",
          "adx_trend",
          "trix_15"
        ]
      }
    },
    {
      "symbol": "BTCUSDT",
      "side": "SHORT",
      "entryPrice": 68411.3,
      "exitPrice": 68410.3,
      "betAmount": 4.593855173460958,
      "pnlPercent": 0.09,
      "pnlValue": 0,
      "reason": "TAKE_PROFIT",
      "bankrollBefore": 99.71,
      "bankrollAfter": 99.72,
      "timestamp": "2026-02-15T19:34:55.457Z",
      "consensusSnapshot": {
        "agreeingCount": 4,
        "opposingCount": 3,
        "weightedStrength": 63.46488159633937,
        "topStrategies": [
          "mass_index",
          "mfi_14",
          "momentum_10",
          "dpo"
        ]
      }
    },
    {
      "symbol": "BNBUSDT",
      "side": "SHORT",
      "entryPrice": 611.78,
      "exitPrice": 611.78,
      "betAmount": 4.594046978237661,
      "pnlPercent": 0,
      "pnlValue": 0,
      "reason": "STOP_LOSS",
      "bankrollBefore": 99.72,
      "bankrollAfter": 99.72,
      "timestamp": "2026-02-15T19:35:03.034Z",