{
  "sessionId": "session_1771179663260",
  "botId": "v2-periodic-gen281-1771179663204",
  "botName": "Phoenix",
  "generation": 281,
  "genome": {
    "id": "v2-periodic-gen281-1771179663204",
    "name": "Phoenix",
    "generation": 281,
    "parentIds": [
      "v2-periodic-gen280-1771179363118",
      "v2-periodic-gen265-1771174846396"
    ],
    "strategyMask": [
      false,
      false,
      true,
      false,
      false,
      true,
      true,
      true,
      true,
      true,
      false,
      false,
      true,
      false,
      false,
      false,
      false,
      true,
      true,
      false,
      false,
      true,
      false,
      true,
      true,
      true,
      true,
      false,
      false,
      false
    ],
    "strategyWeights": [
      1.4668067984967827,
      0.9662714599061816,
      1.0853510431979658,
      1.225744865314488,
      1.3176791979752045,
      1.4866799061515015,
      0.49197497919541056,
      0.31225667854429817,
      1.4462193723909509,
      1.3626299735730367,
      0.9785837326073894,
      0.3279424352199519,
      1.0927696777594906,
      0.6962169950360132,
      0.3712769636043135,
      0.5995933849539722,
      0.6207210802010017,
      0.2,
      0.1564117214121649,
      1.1548072276424648,
      0.101436469649407,
      1.5813377133192914,
      1.8754731994977885,
      0.15472589783695578,
      0.42277018645599906,
      0.26565540611182553,
      0.1,
      0.25459680594591166,
      2,
      0.24282515780378386
    ],
    "consensus": {
      "minAgreeingSignals": 2,
      "maxOpposingSignals": 5,
      "minWeightedStrength": 46.38453088197903,
      "preferredDirection": "ANY"
    },
    "risk": {
      "atrMultiplierTP": 2.400028368233822,
      "atrMultiplierSL": 1.1528743945856181,
      "trailingStopATR": 1.4392448842601397,
      "flipExitThreshold": 9,
      "leverage": 62,
      "maxOpenPositions": 4,
      "maxExposurePercent": 35
    },
    "betting": {
      "basePercent": 4.277389445846281,
      "winMultiplier": 1,
      "lossMultiplier": 0.9814749620104269,
      "maxBetPercent": 12,
      "resetAfterLosses": 3
    },
    "symbols": [
      "BTCUSDT",
      "ETHUSDT",
      "SOLUSDT",
      "BNBUSDT",
      "XRPUSDT"
    ]
  },
  "startBankroll": 100,
  "endBankroll": 100,
  "peakBankroll": 100,
  "totalTrades": 0,
  "wins": 0,
  "losses": 0,
  "winRate": 0,
  "maxDrawdown": 0,
  "finalReason": "EVOLVED_OUT",
  "startTime": "2026-02-15T18:21:03.260Z",
  "endTime": "2026-02-15T18:26:46.153Z",
  "trades": [],
  "fitness": 0,
  "activeStrategies": [
    "ema_triple_9_21_55",
    "adx_trend",
    "parabolic_sar",
    "supertrend",
    "ichimoku",
    "aroon",
    "stochastic_14",
    "trix_15",
    "elder_ray",
    "bollinger_10_15",
    "atr_breakout",
    "obv_trend",
    "vwap_dev",
    "cmf_20"
  ]
}