{
  "sessionId": "session_1771173943237",
  "botId": "v2-periodic-gen263-1771173943235",
  "botName": "Atlas",
  "generation": 263,
  "genome": {
    "id": "v2-periodic-gen263-1771173943235",
    "name": "Atlas",
    "generation": 263,
    "parentIds": [
      "v2-periodic-gen256-1771172439214",
      "v2-periodic-gen253-1771171237419"
    ],
    "strategyMask": [
      true,
      false,
      true,
      true,
      false,
      true,
      true,
      false,
      false,
      false,
      true,
      true,
      true,
      true,
      false,
      false,
      true,
      true,
      true,
      false,
      false,
      true,
      false,
      true,
      true,
      true,
      false,
      false,
      true,
      true
    ],
    "strategyWeights": [
      1.3626505488997767,
      1.1487004547639725,
      1.0853510431979658,
      1.225744865314488,
      1.3474140733193865,
      1.4866799061515015,
      0.383953369167392,
      0.2617334634325478,
      1.4373136336896055,
      1.3626299735730367,
      0.8319958519193038,
      0.34306354658892046,
      1.0927696777594906,
      0.6962169950360132,
      0.3712769636043135,
      0.7745648789177059,
      0.7797733713815518,
      0.2,
      0.3228554721951392,
      1.1548072276424648,
      0.2579843192895431,
      1.607300290372572,
      1.8754731994977885,
      0.15472589783695578,
      0.6053523072679522,
      0.26565540611182553,
      0.1,
      0.25459680594591166,
      2,
      0.2780383047541106
    ],
    "consensus": {
      "minAgreeingSignals": 2,
      "maxOpposingSignals": 4,
      "minWeightedStrength": 46.38453088197903,
      "preferredDirection": "ANY"
    },
    "risk": {
      "atrMultiplierTP": 2.400028368233822,
      "atrMultiplierSL": 1.1528743945856181,
      "trailingStopATR": 1.158013612632858,
      "flipExitThreshold": 7,
      "leverage": 62,
      "maxOpenPositions": 4,
      "maxExposurePercent": 35
    },
    "betting": {
      "basePercent": 4.277389445846281,
      "winMultiplier": 1,
      "lossMultiplier": 0.9613628939870569,
      "maxBetPercent": 12,
      "resetAfterLosses": 3
    },
    "symbols": [
      "BTCUSDT",
      "ETHUSDT",
      "SOLUSDT",
      "BNBUSDT",
      "XRPUSDT"
    ]
  },
  "startBankroll": 100,
  "endBankroll": 99.46,
  "peakBankroll": 100,
  "totalTrades": 7,
  "wins": 3,
  "losses": 4,
  "winRate": 42.9,
  "maxDrawdown": 0.79,
  "finalReason": "EVOLVED_OUT",
  "startTime": "2026-02-15T16:45:43.237Z",
  "endTime": "2026-02-15T17:00:43.884Z",
  "trades": [
    {
      "symbol": "XRPUSDT",
      "side": "SHORT",
      "entryPrice": 1.5167,
      "exitPrice": 1.5194,
      "betAmount": 4.277389445846281,
      "pnlPercent": -11.04,
      "pnlValue": -0.47,
      "reason": "STOP_LOSS",
      "bankrollBefore": 100,
      "bankrollAfter": 99.53,
      "timestamp": "2026-02-15T16:46:11.738Z",
      "consensusSnapshot": {
        "agreeingCount": 5,
        "opposingCount": 4,
        "weightedStrength": 51.008309411443136,
        "topStrategies": [
          "macd_standard",
          "ema_triple_9_21_55",
          "ema_cross_9_21",
          "parabolic_sar",
          "trix_15"
        ]
      }
    },
    {
      "symbol": "BNBUSDT",
      "side": "SHORT",
      "entryPrice": 619.06,
      "exitPrice": 619.74,
      "betAmount": 4.277389445846281,
      "pnlPercent": -6.81,
      "pnlValue": -0.29,
      "reason": "STOP_LOSS",
      "bankrollBefore": 99.53,
      "bankrollAfter": 99.24,
      "timestamp": "2026-02-15T16:46:52.577Z",
      "consensusSnapshot": {
        "agreeingCount": 4,
        "opposingCount": 4,
        "weightedStrength": 54.21602662629888,
        "topStrategies": [
          "macd_standard",
          "ema_triple_9_21_55",
          "ema_cross_9_21",
          "trix_15"
        ]
      }
    },
    {
      "symbol": "SOLUSDT",
      "side": "LONG",
      "entryPrice": 87.45,
      "exitPrice": 87.47,
      "betAmount": 3.9230637006509554,
      "pnlPercent": 1.42,
      "pnlValue": 0.06,
      "reason": "TAKE_PROFIT",
      "bankrollBefore": 99.24,
      "bankrollAfter": 99.29,
      "timestamp": "2026-02-15T16:52:36.001Z",
      "consensusSnapshot": {
        "agreeingCount": 6,
        "opposingCount": 2,
        "weightedStrength": 48.19393584414041,
        "topStrategies": [
          "macd_standard",
          "ema_triple_9_21_55",
          "ema_cross_9_21",
          "momentum_10",
          "elder_ray"
        ]
      }
    },
    {
      "symbol": "SOLUSDT",
      "side": "LONG",
      "entryPrice": 87.47,
      "exitPrice": 87.44,
      "betAmount": 3.9252627791680816,
      "pnlPercent": -2.13,
      "pnlValue": -0.08,
      "reason": "STOP_LOSS",
      "bankrollBefore": 99.29,
      "bankrollAfter": 99.21,
      "timestamp": "2026-02-15T16:52:45.541Z",
      "consensusSnapshot": {
        "agreeingCount": 6,
        "opposingCount": 2,
        "weightedStrength": 48.19393584414041,
        "topStrategies": [
          "macd_standard",
          "ema_triple_9_21_55",
          "ema_cross_9_21",
          "momentum_10",
          "elder_ray"
        ]
      }
    },
    {
      "symbol": "SOLUSDT",
      "side": "LONG",
      "entryPrice": 87.49,
      "exitPrice": 87.55,
      "betAmount": 3.7704297642005242,
      "pnlPercent": 4.25,
      "pnlValue": 0.16,
      "reason": "TAKE_PROFIT",
      "bankrollBefore": 99.21,
      "bankrollAfter": 99.37,
      "timestamp": "2026-02-15T16:56:51.295Z",
      "consensusSnapshot": {
        "agreeingCount": 6,
        "opposingCount": 2,
        "weightedStrength": 48.19393584414041,
        "topStrategies": [
          "macd_standard",
          "ema_triple_9_21_55",
          "ema_cross_9_21",
          "momentum_10",
          "elder_ray"
        ]
      }
    },
    {
      "symbol": "XRPUSDT",
      "side": "LONG",
      "entryPrice": 1.5202,
      "exitPrice": 1.5211,
      "betAmount": 3.7704297642005242,
      "pnlPercent": 3.67,
      "pnlValue": 0.14,
      "reason": "TAKE_PROFIT",
      "bankrollBefore": 99.37,
      "bankrollAfter": 99.51,
      "timestamp": "2026-02-15T16:57:56.194Z",
      "consensusSnapshot": {
        "agreeingCount": 6,
        "opposingCount": 3,
        "weightedStrength": 46.65230172565714,
        "topStrategies": [
          "macd_standard",
          "ema_cross_9_21",
          "momentum_10",
          "parabolic_sar",
          "elder_ray"
        ]
      }
    },
    {
      "symbol": "XRPUSDT",
      "side": "LONG",
      "entryPrice": 1.5212,
      "exitPrice": 1.5209,
      "betAmount": 3.7817823056203856,
      "pnlPercent": -1.22,
      "pnlValue": -0.05,
      "reason": "STOP_LOSS",
      "bankrollBefore": 99.51,
      "bankrollAfter": 99.46,
      "timestamp": "2026-02-15T16:58:10.809Z",
      "consensusSnapshot": {
        "agreeingCount": 6,
        "opposingCount": 3,
        "weightedStrength": 46.91222618278433,
        "topStrategies": [
          "macd_standard",
          "ema_cross_9_21",
          "momentum_10",
          "parabolic_sar",
          "elder_ray"
        ]
      }
    }
  ],
  "fitness": 16.824101999748226,
  "activeStrategies": [
    "ema_cross_9_21",
    "ema_triple_9_21_55",
    "macd_standard",
    "adx_trend",
    "parabolic_sar",
    "rsi_14",
    "rsi_7",
    "stochastic_14",
    "williams_r",
    "momentum_10",
    "trix_15",
    "elder_ray",
    "bollinger_10_15",
    "atr_breakout",
    "obv_trend",
    "vwap_dev",
    "mass_index",
    "dpo"
  ]
}