{
  "sessionId": "session_1771197135432",
  "botId": "v2-periodic-gen334-1771197135430",
  "botName": "Pulse",
  "generation": 334,
  "genome": {
    "id": "v2-periodic-gen334-1771197135430",
    "name": "Pulse",
    "generation": 334,
    "parentIds": [
      "v2-periodic-gen332-1771196534498",
      "v2-periodic-gen324-1771194129099"
    ],
    "strategyMask": [
      true,
      false,
      true,
      false,
      false,
      true,
      true,
      true,
      true,
      false,
      true,
      true,
      true,
      false,
      true,
      true,
      false,
      true,
      true,
      true,
      false,
      false,
      false,
      true,
      false,
      true,
      false,
      false,
      false,
      true
    ],
    "strategyWeights": [
      1.3626505488997767,
      0.9662714599061816,
      1.0853510431979658,
      1.2637517069793738,
      1.2021573030852823,
      1.5355984322268268,
      0.5032343008741855,
      0.20547098683096593,
      1.4462193723909509,
      1.3626299735730367,
      0.6014363818480071,
      0.3279424352199519,
      0.9068474530515914,
      0.4044338875186147,
      0.3712769636043135,
      0.39541015302819066,
      0.6371221181750917,
      0.20521869354678832,
      0.3000928428025712,
      0.9857910782573862,
      0.16493646234793818,
      1.4189109610261972,
      2,
      0.3492126671919876,
      0.42277018645599906,
      0.17223388412319865,
      0.1,
      0.1354657871911988,
      1.9616457422585156,
      0.1
    ],
    "consensus": {
      "minAgreeingSignals": 4,
      "maxOpposingSignals": 4,
      "minWeightedStrength": 46.38453088197903,
      "preferredDirection": "ANY"
    },
    "risk": {
      "atrMultiplierTP": 3.2634853881779033,
      "atrMultiplierSL": 0.9994472041316764,
      "trailingStopATR": 1.4199054443375512,
      "flipExitThreshold": 9,
      "leverage": 69,
      "maxOpenPositions": 4,
      "maxExposurePercent": 35
    },
    "betting": {
      "basePercent": 3.0514732552791797,
      "winMultiplier": 1.0211155186829257,
      "lossMultiplier": 0.9671371909230321,
      "maxBetPercent": 12,
      "resetAfterLosses": 3
    },
    "symbols": [
      "BTCUSDT",
      "ETHUSDT",
      "SOLUSDT",
      "BNBUSDT",
      "XRPUSDT"
    ]
  },
  "startBankroll": 100,
  "endBankroll": 100,
  "peakBankroll": 100,
  "totalTrades": 0,
  "wins": 0,
  "losses": 0,
  "winRate": 0,
  "maxDrawdown": 0,
  "finalReason": "EVOLVED_OUT",
  "startTime": "2026-02-15T23:12:15.432Z",
  "endTime": "2026-02-15T23:12:18.375Z",
  "trades": [],
  "fitness": 0,
  "activeStrategies": [
    "ema_cross_9_21",
    "ema_triple_9_21_55",
    "adx_trend",
    "parabolic_sar",
    "supertrend",
    "ichimoku",
    "rsi_14",
    "rsi_7",
    "stochastic_14",
    "cci_20",
    "roc_12",
    "trix_15",
    "elder_ray",
    "mfi_14",
    "atr_breakout",
    "vwap_dev",
    "dpo"
  ]
}