{
  "sessionId": "session_1771182709409",
  "botId": "v2-periodic-gen289-1771182709407",
  "botName": "Apex",
  "generation": 289,
  "genome": {
    "id": "v2-periodic-gen289-1771182709407",
    "name": "Apex",
    "generation": 289,
    "parentIds": [
      "v2-periodic-gen287-1771182112764",
      "v2-periodic-gen280-1771179363118"
    ],
    "strategyMask": [
      true,
      false,
      true,
      true,
      false,
      true,
      false,
      false,
      true,
      false,
      false,
      true,
      false,
      true,
      false,
      false,
      true,
      false,
      true,
      true,
      false,
      false,
      false,
      true,
      true,
      true,
      false,
      false,
      true,
      true
    ],
    "strategyWeights": [
      1.3626505488997767,
      0.9662714599061816,
      1.0853510431979658,
      1.0890145510117868,
      1.2318990900903724,
      1.4866799061515015,
      0.49197497919541056,
      0.31225667854429817,
      1.4462193723909509,
      1.3626299735730367,
      0.947381893217796,
      0.5205625263238848,
      1.1941137443898937,
      0.6962169950360132,
      0.44085800227348115,
      0.41522709762648075,
      0.8143575610211918,
      0.2,
      0.22436013561610957,
      1.101883460558059,
      0.101436469649407,
      1.4870504191023044,
      1.8754731994977885,
      0.15472589783695578,
      0.5395536800335666,
      0.26565540611182553,
      0.1760978445291737,
      0.25459680594591166,
      2,
      0.1
    ],
    "consensus": {
      "minAgreeingSignals": 2,
      "maxOpposingSignals": 4,
      "minWeightedStrength": 46.38453088197903,
      "preferredDirection": "ANY"
    },
    "risk": {
      "atrMultiplierTP": 2.834430512883989,
      "atrMultiplierSL": 1.1528743945856181,
      "trailingStopATR": 1.1579829239575632,
      "flipExitThreshold": 7,
      "leverage": 59,
      "maxOpenPositions": 4,
      "maxExposurePercent": 35
    },
    "betting": {
      "basePercent": 4.277389445846281,
      "winMultiplier": 1,
      "lossMultiplier": 0.9814749620104269,
      "maxBetPercent": 12,
      "resetAfterLosses": 3
    },
    "symbols": [
      "BTCUSDT",
      "ETHUSDT",
      "SOLUSDT",
      "BNBUSDT",
      "XRPUSDT"
    ]
  },
  "startBankroll": 100,
  "endBankroll": 99.4,
  "peakBankroll": 100,
  "totalTrades": 20,
  "wins": 8,
  "losses": 12,
  "winRate": 40,
  "maxDrawdown": 0.95,
  "finalReason": "EVOLVED_OUT",
  "startTime": "2026-02-15T19:11:49.409Z",
  "endTime": "2026-02-15T19:16:49.703Z",
  "trades": [
    {
      "symbol": "ETHUSDT",
      "side": "SHORT",
      "entryPrice": 1939.47,
      "exitPrice": 1939.47,
      "betAmount": 4.277389445846281,
      "pnlPercent": 0,
      "pnlValue": 0,
      "reason": "STOP_LOSS",
      "bankrollBefore": 100,
      "bankrollAfter": 100,
      "timestamp": "2026-02-15T19:11:59.793Z",
      "consensusSnapshot": {
        "agreeingCount": 9,
        "opposingCount": 4,
        "weightedStrength": 72.25385641264957,
        "topStrategies": [
          "ema_cross_9_21",
          "ichimoku",
          "ema_triple_9_21_55",
          "macd_standard",
          "momentum_10"
        ]
      }
    },
    {
      "symbol": "SOLUSDT",
      "side": "SHORT",
      "entryPrice": 85.58,
      "exitPrice": 85.75,
      "betAmount": 4.277389445846281,
      "pnlPercent": -11.72,
      "pnlValue": -0.5,
      "reason": "STOP_LOSS",
      "bankrollBefore": 100,
      "bankrollAfter": 99.5,
      "timestamp": "2026-02-15T19:12:00.578Z",
      "consensusSnapshot": {
        "agreeingCount": 8,
        "opposingCount": 4,
        "weightedStrength": 75.16679995383134,
        "topStrategies": [
          "ema_cross_9_21",
          "ema_triple_9_21_55",
          "ichimoku",
          "macd_standard",
          "momentum_10"
        ]
      }
    },
    {
      "symbol": "ETHUSDT",
      "side": "SHORT",
      "entryPrice": 1939.47,
      "exitPrice": 1938.12,
      "betAmount": 4.099723816809161,
      "pnlPercent": 4.11,
      "pnlValue": 0.17,
      "reason": "TAKE_PROFIT",
      "bankrollBefore": 99.5,
      "bankrollAfter": 99.67,
      "timestamp": "2026-02-15T19:12:06.333Z",
      "consensusSnapshot": {
        "agreeingCount": 9,
        "opposingCount": 4,
        "weightedStrength": 70.90303402185953,
        "topStrategies": [
          "ema_cross_9_21",
          "ichimoku",
          "ema_triple_9_21_55",
          "macd_standard",
          "momentum_10"
        ]
      }
    },
    {
      "symbol": "ETHUSDT",
      "side": "SHORT",
      "entryPrice": 1938.12,
      "exitPrice": 1938.12,
      "betAmount": 4.106661182021951,
      "pnlPercent": 0,
      "pnlValue": 0,
      "reason": "STOP_LOSS",
      "bankrollBefore": 99.67,
      "bankrollAfter": 99.67,
      "timestamp": "2026-02-15T19:12:15.952Z",
      "consensusSnapshot": {
        "agreeingCount": 9,
        "opposingCount": 4,
        "weightedStrength": 70.90303402185953,
        "topStrategies": [
          "ema_cross_9_21",
          "ichimoku",
          "ema_triple_9_21_55",
          "macd_standard",
          "momentum_10"
        ]
      }
    },
    {
      "symbol": "ETHUSDT",
      "side": "SHORT",
      "entryPrice": 1938.12,
      "exitPrice": 1938.12,
      "betAmount": 4.030585127614689,
      "pnlPercent": 0,
      "pnlValue": 0,
      "reason": "STOP_LOSS",
      "bankrollBefore": 99.67,
      "bankrollAfter": 99.67,
      "timestamp": "2026-02-15T19:12:17.807Z",
      "consensusSnapshot": {
        "agreeingCount": 9,
        "opposingCount": 4,
        "weightedStrength": 70.90303402185953,
        "topStrategies": [
          "ema_cross_9_21",
          "ichimoku",
          "ema_triple_9_21_55",
          "macd_standard",
          "momentum_10"
        ]
      }
    },
    {
      "symbol": "ETHUSDT",
      "side": "SHORT",
      "entryPrice": 1938.12,
      "exitPrice": 1938.12,
      "betAmount": 3.9559183850054187,
      "pnlPercent": 0,
      "pnlValue": 0,
      "reason": "STOP_LOSS",
      "bankrollBefore": 99.67,
      "bankrollAfter": 99.67,
      "timestamp": "2026-02-15T19:12:25.062Z",
      "consensusSnapshot": {
        "agreeingCount": 9,
        "opposingCount": 4,
        "weightedStrength": 70.90303402185953,
        "topStrategies": [
          "ema_cross_9_21",
          "ichimoku",
          "ema_triple_9_21_55",
          "macd_standard",
          "momentum_10"
        ]
      }
    },
    {
      "symbol": "ETHUSDT",
      "side": "SHORT",
      "entryPrice": 1938.12,
      "exitPrice": 1938.36,
      "betAmount": 4.263148129610067,
      "pnlPercent": -0.73,
      "pnlValue": -0.03,
      "reason": "STOP_LOSS",
      "bankrollBefore": 99.67,
      "bankrollAfter": 99.64,
      "timestamp": "2026-02-15T19:12:32.281Z",
      "consensusSnapshot": {
        "agreeingCount": 9,
        "opposingCount": 4,
        "weightedStrength": 70.90303402185953,
        "topStrategies": [
          "ema_cross_9_21",
          "ichimoku",
          "ema_triple_9_21_55",
          "macd_standard",
          "momentum_10"
        ]
      }
    },
    {
      "symbol": "SOLUSDT",
      "side": "SHORT",
      "entryPrice": 85.58,
      "exitPrice": 85.77,
      "betAmount": 4.261815860965246,
      "pnlPercent": -13.1,
      "pnlValue": -0.56,
      "reason": "STOP_LOSS",
      "bankrollBefore": 99.64,
      "bankrollAfter": 99.08,
      "timestamp": "2026-02-15T19:13:01.484Z",
      "consensusSnapshot": {
        "agreeingCount": 8,
        "opposingCount": 2,
        "weightedStrength": 71.97826156818313,
        "topStrategies": [
          "ema_cross_9_21",
          "ema_triple_9_21_55",
          "macd_standard",
          "ichimoku",
          "momentum_10"
        ]
      }
    },
    {
      "symbol": "ETHUSDT",
      "side": "SHORT",
      "entryPrice": 1938.03,
      "exitPrice": 1937.94,
      "betAmount": 4.237937373968195,
      "pnlPercent": 0.27,
      "pnlValue": 0.01,
      "reason": "TAKE_PROFIT",