{
  "sessionId": "session_1771167629613",
  "botId": "v2-periodic-gen240-1771167629611",
  "botName": "Hydra",
  "generation": 240,
  "genome": {
    "id": "v2-periodic-gen240-1771167629611",
    "name": "Hydra",
    "generation": 240,
    "parentIds": [
      "v2-periodic-gen234-1771166125011",
      "v2-periodic-gen220-1771161312579"
    ],
    "strategyMask": [
      true,
      true,
      true,
      true,
      false,
      false,
      false,
      true,
      false,
      false,
      true,
      true,
      false,
      false,
      false,
      true,
      true,
      true,
      false,
      false,
      false,
      true,
      false,
      true,
      false,
      true,
      false,
      true,
      true,
      true
    ],
    "strategyWeights": [
      1.3626505488997767,
      0.9662714599061816,
      0.9418021087347063,
      1.225744865314488,
      1.3474140733193865,
      1.4866799061515015,
      0.1926492182291996,
      0.31225667854429817,
      1.358160216567557,
      1.3626299735730367,
      0.8319958519193038,
      0.34306354658892046,
      1.0927696777594906,
      0.6962169950360132,
      0.5230026008685669,
      0.5399261308090331,
      0.9311587030964225,
      0.29779267557950884,
      0.41913870917484763,
      0.9561468080103537,
      0.2579843192895431,
      1.6807641161454903,
      1.8970217565890897,
      0.38291913464122485,
      0.41554317153586445,
      0.245661750214818,
      0.11415907778584318,
      0.1,
      2,
      0.1
    ],
    "consensus": {
      "minAgreeingSignals": 2,
      "maxOpposingSignals": 4,
      "minWeightedStrength": 44.86439917619772,
      "preferredDirection": "ANY"
    },
    "risk": {
      "atrMultiplierTP": 2.400028368233822,
      "atrMultiplierSL": 1.1528743945856181,
      "trailingStopATR": 0.973391196369715,
      "flipExitThreshold": 7,
      "leverage": 62,
      "maxOpenPositions": 4,
      "maxExposurePercent": 35
    },
    "betting": {
      "basePercent": 4.662905846672845,
      "winMultiplier": 1,
      "lossMultiplier": 0.9536317491348757,
      "maxBetPercent": 12,
      "resetAfterLosses": 3
    },
    "symbols": [
      "BTCUSDT",
      "ETHUSDT",
      "SOLUSDT",
      "BNBUSDT",
      "XRPUSDT"
    ]
  },
  "startBankroll": 100,
  "endBankroll": 100.04,
  "peakBankroll": 100.21,
  "totalTrades": 12,
  "wins": 7,
  "losses": 5,
  "winRate": 58.3,
  "maxDrawdown": 0.17,
  "finalReason": "EVOLVED_OUT",
  "startTime": "2026-02-15T15:00:29.613Z",
  "endTime": "2026-02-15T15:05:27.390Z",
  "trades": [
    {
      "symbol": "BTCUSDT",
      "side": "LONG",
      "entryPrice": 69138.3,
      "exitPrice": 69138.6,
      "betAmount": 4.662905846672845,
      "pnlPercent": 0.03,
      "pnlValue": 0,
      "reason": "TAKE_PROFIT",
      "bankrollBefore": 100,
      "bankrollAfter": 100,
      "timestamp": "2026-02-15T15:00:46.136Z",
      "consensusSnapshot": {
        "agreeingCount": 2,
        "opposingCount": 2,
        "weightedStrength": 56.63991703838607,
        "topStrategies": [
          "mass_index",
          "rsi_14"
        ]
      }
    },
    {
      "symbol": "ETHUSDT",
      "side": "LONG",
      "entryPrice": 2009.49,
      "exitPrice": 2009.82,
      "betAmount": 4.662905846672845,
      "pnlPercent": 1.02,
      "pnlValue": 0.05,
      "reason": "TAKE_PROFIT",
      "bankrollBefore": 100,
      "bankrollAfter": 100.05,
      "timestamp": "2026-02-15T15:00:46.408Z",
      "consensusSnapshot": {
        "agreeingCount": 6,
        "opposingCount": 3,
        "weightedStrength": 46.840716527290425,
        "topStrategies": [
          "macd_standard",
          "ema_triple_9_21_55",
          "ema_cross_9_21",
          "ema_cross_12_26",
          "trix_15"
        ]
      }
    },
    {
      "symbol": "BTCUSDT",
      "side": "LONG",
      "entryPrice": 69137.5,
      "exitPrice": 69142.4,
      "betAmount": 4.66517811309372,
      "pnlPercent": 0.44,
      "pnlValue": 0.02,
      "reason": "TAKE_PROFIT",
      "bankrollBefore": 100.05,
      "bankrollAfter": 100.07,
      "timestamp": "2026-02-15T15:00:50.817Z",
      "consensusSnapshot": {
        "agreeingCount": 2,
        "opposingCount": 2,
        "weightedStrength": 56.63991703838607,
        "topStrategies": [
          "mass_index",
          "rsi_14"
        ]
      }
    },
    {
      "symbol": "ETHUSDT",
      "side": "LONG",
      "entryPrice": 2009.42,
      "exitPrice": 2009.82,
      "betAmount": 4.66517811309372,
      "pnlPercent": 1.23,
      "pnlValue": 0.06,
      "reason": "TAKE_PROFIT",
      "bankrollBefore": 100.07,
      "bankrollAfter": 100.13,
      "timestamp": "2026-02-15T15:00:51.092Z",
      "consensusSnapshot": {
        "agreeingCount": 6,
        "opposingCount": 4,
        "weightedStrength": 48.68619993587385,
        "topStrategies": [
          "macd_standard",
          "ema_triple_9_21_55",
          "ema_cross_9_21",
          "ema_cross_12_26",
          "momentum_10"
        ]
      }
    },
    {
      "symbol": "ETHUSDT",
      "side": "LONG",
      "entryPrice": 2009.82,
      "exitPrice": 2009.42,
      "betAmount": 4.668818745677715,
      "pnlPercent": -1.23,
      "pnlValue": -0.06,
      "reason": "STOP_LOSS",
      "bankrollBefore": 100.13,
      "bankrollAfter": 100.07,
      "timestamp": "2026-02-15T15:00:55.334Z",
      "consensusSnapshot": {
        "agreeingCount": 6,
        "opposingCount": 4,
        "weightedStrength": 48.68619993587385,
        "topStrategies": [
          "macd_standard",
          "ema_triple_9_21_55",
          "ema_cross_9_21",
          "ema_cross_12_26",
          "momentum_10"
        ]
      }
    },
    {
      "symbol": "BTCUSDT",
      "side": "LONG",
      "entryPrice": 69142.4,
      "exitPrice": 69150.1,
      "betAmount": 4.449772024246145,
      "pnlPercent": 0.69,
      "pnlValue": 0.03,
      "reason": "TAKE_PROFIT",
      "bankrollBefore": 100.07,
      "bankrollAfter": 100.1,
      "timestamp": "2026-02-15T15:01:00.757Z",
      "consensusSnapshot": {
        "agreeingCount": 2,
        "opposingCount": 2,
        "weightedStrength": 56.63991703838607,
        "topStrategies": [
          "mass_index",
          "rsi_14"
        ]
      }
    },
    {
      "symbol": "ETHUSDT",
      "side": "LONG",
      "entryPrice": 2012.35,
      "exitPrice": 2012.35,
      "betAmount": 4.451138220447686,
      "pnlPercent": 0,
      "pnlValue": 0,
      "reason": "STOP_LOSS",
      "bankrollBefore": 100.1,
      "bankrollAfter": 100.1,
      "timestamp": "2026-02-15T15:02:00.345Z",
      "consensusSnapshot": {
        "agreeingCount": 6,
        "opposingCount": 4,
        "weightedStrength": 48.68619993587385,
        "topStrategies": [
          "macd_standard",
          "ema_triple_9_21_55",
          "ema_cross_9_21",
          "ema_cross_12_26",
          "momentum_10"
        ]
      }
    },
    {
      "symbol": "ETHUSDT",
      "side": "LONG",
      "entryPrice": 2012.35,
      "exitPrice": 2012.66,
      "betAmount": 4.244746726806626,
      "pnlPercent": 0.96,
      "pnlValue": 0.04,
      "reason": "TAKE_PROFIT",
      "bankrollBefore": 100.1,
      "bankrollAfter": 100.14,
      "timestamp": "2026-02-15T15:02:03.870Z",
      "consensusSnapshot": {
        "agreeingCount": 6,
        "opposingCount": 4,
        "weightedStrength": 48.52515469255616,
        "topStrategies": [
          "macd_standard",
          "ema_triple_9_21_55",
          "ema_cross_9_21",
          "ema_cross_12_26",
          "momentum_10"
        ]
      }
    },
    {
      "symbol": "ETHUSDT",
      "side": "LONG",
      "entryPrice": 2012.82,
      "exitPrice": 2012.74,
      "betAmount": 4.246465900261487,
      "pnlPercent": -0.25,
      "pnlValue": -0.01,
      "reason": "STOP_LOSS",
      "bankrollBefore": 100.14,
      "bankrollAfter": 100.13,
      "timestamp": "2026-02-15T15:02:15.600Z",
      "consensusSnapshot": {
        "agreeingCount": 6,
        "opposingCount": 4,