{
  "sessionId": "session_1771173644106",
  "botId": "v2-periodic-gen262-1771173644104",
  "botName": "Cerberus",
  "generation": 262,
  "genome": {
    "id": "v2-periodic-gen262-1771173644104",
    "name": "Cerberus",
    "generation": 262,
    "parentIds": [
      "v2-periodic-gen253-1771171237419",
      "v2-periodic-gen256-1771172439214"
    ],
    "strategyMask": [
      true,
      true,
      true,
      false,
      true,
      true,
      false,
      true,
      false,
      true,
      true,
      false,
      false,
      false,
      false,
      true,
      true,
      true,
      true,
      false,
      true,
      false,
      false,
      true,
      true,
      false,
      false,
      false,
      true,
      true
    ],
    "strategyWeights": [
      1.3626505488997767,
      0.9662714599061816,
      1.0853510431979658,
      1.225744865314488,
      1.3474140733193865,
      1.4392913375971947,
      0.383953369167392,
      0.31225667854429817,
      1.4373136336896055,
      1.3626299735730367,
      0.8319958519193038,
      0.34306354658892046,
      1.0927696777594906,
      0.7506492706867982,
      0.3712769636043135,
      0.5995933849539722,
      0.7797733713815518,
      0.2,
      0.3228554721951392,
      1.1548072276424648,
      0.2579843192895431,
      1.5834849374292446,
      1.9602310442650523,
      0.15472589783695578,
      0.6053523072679522,
      0.26565540611182553,
      0.24857988122683625,
      0.25459680594591166,
      2,
      0.1
    ],
    "consensus": {
      "minAgreeingSignals": 2,
      "maxOpposingSignals": 4,
      "minWeightedStrength": 44.86439917619772,
      "preferredDirection": "ANY"
    },
    "risk": {
      "atrMultiplierTP": 2.400028368233822,
      "atrMultiplierSL": 0.9633910477017333,
      "trailingStopATR": 1.298163835735134,
      "flipExitThreshold": 7,
      "leverage": 59,
      "maxOpenPositions": 4,
      "maxExposurePercent": 35
    },
    "betting": {
      "basePercent": 4.277389445846281,
      "winMultiplier": 1,
      "lossMultiplier": 0.9536317491348757,
      "maxBetPercent": 12,
      "resetAfterLosses": 3
    },
    "symbols": [
      "BTCUSDT",
      "ETHUSDT",
      "SOLUSDT",
      "BNBUSDT",
      "XRPUSDT"
    ]
  },
  "startBankroll": 100,
  "endBankroll": 99.81,
  "peakBankroll": 100,
  "totalTrades": 11,
  "wins": 2,
  "losses": 9,
  "winRate": 18.2,
  "maxDrawdown": 0.19,
  "finalReason": "EVOLVED_OUT",
  "startTime": "2026-02-15T16:40:44.106Z",
  "endTime": "2026-02-15T16:45:43.235Z",
  "trades": [
    {
      "symbol": "SOLUSDT",
      "side": "LONG",
      "entryPrice": 87.35,
      "exitPrice": 87.35,
      "betAmount": 4.277389445846281,
      "pnlPercent": 0,
      "pnlValue": 0,
      "reason": "STOP_LOSS",
      "bankrollBefore": 100,
      "bankrollAfter": 100,
      "timestamp": "2026-02-15T16:40:52.647Z",
      "consensusSnapshot": {
        "agreeingCount": 7,
        "opposingCount": 4,
        "weightedStrength": 56.45660081311109,
        "topStrategies": [
          "macd_fast",
          "aroon",
          "ema_triple_9_21_55",
          "ema_cross_9_21",
          "ema_cross_12_26"
        ]
      }
    },
    {
      "symbol": "XRPUSDT",
      "side": "SHORT",
      "entryPrice": 1.5145,
      "exitPrice": 1.5145,
      "betAmount": 4.277389445846281,
      "pnlPercent": 0,
      "pnlValue": 0,
      "reason": "STOP_LOSS",
      "bankrollBefore": 100,
      "bankrollAfter": 100,
      "timestamp": "2026-02-15T16:40:53.703Z",
      "consensusSnapshot": {
        "agreeingCount": 12,
        "opposingCount": 1,
        "weightedStrength": 53.22869760018904,
        "topStrategies": [
          "macd_fast",
          "aroon",
          "ema_triple_9_21_55",
          "momentum_10",
          "ema_cross_9_21"
        ]
      }
    },
    {
      "symbol": "SOLUSDT",
      "side": "LONG",
      "entryPrice": 87.35,
      "exitPrice": 87.35,
      "betAmount": 3.889915762236721,
      "pnlPercent": 0,
      "pnlValue": 0,
      "reason": "STOP_LOSS",
      "bankrollBefore": 100,
      "bankrollAfter": 100,
      "timestamp": "2026-02-15T16:41:02.663Z",
      "consensusSnapshot": {
        "agreeingCount": 7,
        "opposingCount": 4,
        "weightedStrength": 56.45660081311109,
        "topStrategies": [
          "macd_fast",
          "aroon",
          "ema_triple_9_21_55",
          "ema_cross_9_21",
          "ema_cross_12_26"
        ]
      }
    },
    {
      "symbol": "XRPUSDT",
      "side": "SHORT",
      "entryPrice": 1.5145,
      "exitPrice": 1.5151,
      "betAmount": 3.889915762236721,
      "pnlPercent": -2.34,
      "pnlValue": -0.09,
      "reason": "STOP_LOSS",
      "bankrollBefore": 100,
      "bankrollAfter": 99.91,
      "timestamp": "2026-02-15T16:41:02.939Z",
      "consensusSnapshot": {
        "agreeingCount": 12,
        "opposingCount": 1,
        "weightedStrength": 53.22869760018904,
        "topStrategies": [
          "macd_fast",
          "aroon",
          "ema_triple_9_21_55",
          "momentum_10",
          "ema_cross_9_21"
        ]
      }
    },
    {
      "symbol": "BTCUSDT",
      "side": "SHORT",
      "entryPrice": 68975.7,
      "exitPrice": 68975.7,
      "betAmount": 4.273500311242238,
      "pnlPercent": 0,
      "pnlValue": 0,
      "reason": "STOP_LOSS",
      "bankrollBefore": 99.91,
      "bankrollAfter": 99.91,
      "timestamp": "2026-02-15T16:41:16.996Z",
      "consensusSnapshot": {
        "agreeingCount": 7,
        "opposingCount": 3,
        "weightedStrength": 44.868347005523155,
        "topStrategies": [
          "macd_fast",
          "ema_triple_9_21_55",
          "obv_trend",
          "momentum_10",
          "elder_ray"
        ]
      }
    },
    {
      "symbol": "BTCUSDT",
      "side": "SHORT",
      "entryPrice": 68975.7,
      "exitPrice": 68975.7,
      "betAmount": 4.273500311242238,
      "pnlPercent": 0,
      "pnlValue": 0,
      "reason": "STOP_LOSS",
      "bankrollBefore": 99.91,
      "bankrollAfter": 99.91,
      "timestamp": "2026-02-15T16:41:19.721Z",
      "consensusSnapshot": {
        "agreeingCount": 7,
        "opposingCount": 3,
        "weightedStrength": 44.868347005523155,
        "topStrategies": [
          "macd_fast",
          "ema_triple_9_21_55",
          "obv_trend",
          "momentum_10",
          "elder_ray"
        ]
      }
    },
    {
      "symbol": "SOLUSDT",
      "side": "LONG",
      "entryPrice": 87.35,
      "exitPrice": 87.32,
      "betAmount": 4.273500311242238,
      "pnlPercent": -2.03,
      "pnlValue": -0.09,
      "reason": "STOP_LOSS",
      "bankrollBefore": 99.91,
      "bankrollAfter": 99.82,
      "timestamp": "2026-02-15T16:41:30.187Z",
      "consensusSnapshot": {
        "agreeingCount": 7,
        "opposingCount": 4,
        "weightedStrength": 56.45660081311109,
        "topStrategies": [
          "macd_fast",
          "aroon",
          "ema_triple_9_21_55",
          "ema_cross_9_21",
          "ema_cross_12_26"
        ]
      }
    },
    {
      "symbol": "BTCUSDT",
      "side": "SHORT",
      "entryPrice": 68975.7,
      "exitPrice": 68973.3,
      "betAmount": 4.273500311242238,
      "pnlPercent": 0.21,
      "pnlValue": 0.01,
      "reason": "TAKE_PROFIT",
      "bankrollBefore": 99.82,
      "bankrollAfter": 99.83,
      "timestamp": "2026-02-15T16:41:31.635Z",
      "consensusSnapshot": {
        "agreeingCount": 7,
        "opposingCount": 3,
        "weightedStrength": 44.868347005523155,
        "topStrategies": [
          "macd_fast",
          "ema_triple_9_21_55",
          "obv_trend",
          "momentum_10",
          "elder_ray"
        ]
      }
    },
    {
      "symbol": "BTCUSDT",
      "side": "SHORT",
      "entryPrice": 68973.3,
      "exitPrice": 68970.7,
      "betAmount": 4.270171552681138,
      "pnlPercent": 0.22,
      "pnlValue": 0.01,
      "reason": "TAKE_PROFIT",
      "bankrollBefore": 99.83,
      "bankrollAfter": 99.84,