{
  "sessionId": "session_1771184816171",
  "botId": "v2-periodic-gen298-1771184816170",
  "botName": "Blaze",
  "generation": 298,
  "genome": {
    "id": "v2-periodic-gen298-1771184816170",
    "name": "Blaze",
    "generation": 298,
    "parentIds": [
      "v2-periodic-gen284-1771180609977",
      "v2-periodic-gen292-1771183614153"
    ],
    "strategyMask": [
      true,
      true,
      true,
      false,
      false,
      true,
      false,
      false,
      false,
      false,
      false,
      false,
      true,
      false,
      true,
      true,
      true,
      false,
      true,
      true,
      true,
      true,
      false,
      true,
      true,
      false,
      false,
      true,
      false,
      true
    ],
    "strategyWeights": [
      1.3626505488997767,
      0.9046899369613256,
      1.0853510431979658,
      1.0890145510117868,
      1.3474140733193865,
      1.620800608324446,
      0.383953369167392,
      0.31225667854429817,
      1.4462193723909509,
      1.4555489135972666,
      0.8319958519193038,
      0.3749313551709412,
      1.0927696777594906,
      0.6962169950360132,
      0.3712769636043135,
      0.41522709762648075,
      0.7797733713815518,
      0.3405378588395292,
      0.13455325486315606,
      1.1774083287552124,
      0.1,
      1.607300290372572,
      1.8754731994977885,
      0.15472589783695578,
      0.42277018645599906,
      0.26565540611182553,
      0.1,
      0.25459680594591166,
      2,
      0.1
    ],
    "consensus": {
      "minAgreeingSignals": 3,
      "maxOpposingSignals": 4,
      "minWeightedStrength": 46.38453088197903,
      "preferredDirection": "ANY"
    },
    "risk": {
      "atrMultiplierTP": 2.834430512883989,
      "atrMultiplierSL": 1.1469872627476605,
      "trailingStopATR": 1.056025092653077,
      "flipExitThreshold": 7,
      "leverage": 69,
      "maxOpenPositions": 4,
      "maxExposurePercent": 35
    },
    "betting": {
      "basePercent": 3.7995287455702695,
      "winMultiplier": 1.0798940512695852,
      "lossMultiplier": 0.9814749620104269,
      "maxBetPercent": 12,
      "resetAfterLosses": 3
    },
    "symbols": [
      "BTCUSDT",
      "ETHUSDT",
      "SOLUSDT",
      "BNBUSDT",
      "XRPUSDT"
    ]
  },
  "startBankroll": 100,
  "endBankroll": 98.11,
  "peakBankroll": 100,
  "totalTrades": 9,
  "wins": 1,
  "losses": 8,
  "winRate": 11.1,
  "maxDrawdown": 1.92,
  "finalReason": "EVOLVED_OUT",
  "startTime": "2026-02-15T19:46:56.171Z",
  "endTime": "2026-02-15T19:51:56.311Z",
  "trades": [
    {
      "symbol": "XRPUSDT",
      "side": "SHORT",
      "entryPrice": 1.4563,
      "exitPrice": 1.4576,
      "betAmount": 3.7995287455702695,
      "pnlPercent": -6.16,
      "pnlValue": -0.23,
      "reason": "STOP_LOSS",
      "bankrollBefore": 100,
      "bankrollAfter": 99.77,
      "timestamp": "2026-02-15T19:48:07.152Z",
      "consensusSnapshot": {
        "agreeingCount": 6,
        "opposingCount": 2,
        "weightedStrength": 59.08856388481721,
        "topStrategies": [
          "ema_triple_9_21_55",
          "ema_cross_9_21",
          "ema_cross_12_26",
          "momentum_10",
          "roc_12"
        ]
      }
    },
    {
      "symbol": "ETHUSDT",
      "side": "SHORT",
      "entryPrice": 1939,
      "exitPrice": 1943.68,
      "betAmount": 3.7995287455702695,
      "pnlPercent": -16.65,
      "pnlValue": -0.63,
      "reason": "STOP_LOSS",
      "bankrollBefore": 99.77,
      "bankrollAfter": 99.13,
      "timestamp": "2026-02-15T19:48:41.713Z",
      "consensusSnapshot": {
        "agreeingCount": 6,
        "opposingCount": 2,
        "weightedStrength": 66.29544978894627,
        "topStrategies": [
          "ema_triple_9_21_55",
          "ema_cross_9_21",
          "bollinger_10_15",
          "ema_cross_12_26",
          "adx_trend"
        ]
      }
    },
    {
      "symbol": "ETHUSDT",
      "side": "SHORT",
      "entryPrice": 1939,
      "exitPrice": 1943.68,
      "betAmount": 3.7995287455702695,
      "pnlPercent": -16.65,
      "pnlValue": -0.63,
      "reason": "STOP_LOSS",
      "bankrollBefore": 99.13,
      "bankrollAfter": 98.5,
      "timestamp": "2026-02-15T19:48:42.137Z",
      "consensusSnapshot": {
        "agreeingCount": 6,
        "opposingCount": 2,
        "weightedStrength": 66.29544978894627,
        "topStrategies": [
          "ema_triple_9_21_55",
          "ema_cross_9_21",
          "bollinger_10_15",
          "ema_cross_12_26",
          "adx_trend"
        ]
      }
    },
    {
      "symbol": "SOLUSDT",
      "side": "SHORT",
      "entryPrice": 85.3,
      "exitPrice": 85.39,
      "betAmount": 3.7995287455702695,
      "pnlPercent": -7.28,
      "pnlValue": -0.28,
      "reason": "STOP_LOSS",
      "bankrollBefore": 98.5,
      "bankrollAfter": 98.22,
      "timestamp": "2026-02-15T19:48:58.948Z",
      "consensusSnapshot": {
        "agreeingCount": 6,
        "opposingCount": 3,
        "weightedStrength": 73.45813621071609,
        "topStrategies": [
          "ema_cross_9_21",
          "ema_triple_9_21_55",
          "ema_cross_12_26",
          "momentum_10",
          "roc_12"
        ]
      }
    },
    {
      "symbol": "SOLUSDT",
      "side": "SHORT",
      "entryPrice": 85.37,
      "exitPrice": 85.4,
      "betAmount": 3.7320420635140823,
      "pnlPercent": -2.42,
      "pnlValue": -0.09,
      "reason": "STOP_LOSS",
      "bankrollBefore": 98.22,
      "bankrollAfter": 98.13,
      "timestamp": "2026-02-15T19:50:10.764Z",
      "consensusSnapshot": {
        "agreeingCount": 5,
        "opposingCount": 4,
        "weightedStrength": 62.98879162861092,
        "topStrategies": [
          "ema_triple_9_21_55",
          "ema_cross_9_21",
          "ema_cross_12_26",
          "roc_12",
          "elder_ray"
        ]
      }
    },
    {
      "symbol": "XRPUSDT",
      "side": "SHORT",
      "entryPrice": 1.4546,
      "exitPrice": 1.4549,
      "betAmount": 3.7286037828209824,
      "pnlPercent": -1.42,
      "pnlValue": -0.05,
      "reason": "STOP_LOSS",
      "bankrollBefore": 98.13,
      "bankrollAfter": 98.08,
      "timestamp": "2026-02-15T19:50:36.844Z",
      "consensusSnapshot": {
        "agreeingCount": 4,
        "opposingCount": 3,
        "weightedStrength": 51.898597380093854,
        "topStrategies": [
          "ema_triple_9_21_55",
          "ema_cross_12_26",
          "ema_cross_9_21",
          "elder_ray"
        ]
      }
    },
    {
      "symbol": "SOLUSDT",
      "side": "SHORT",
      "entryPrice": 85.4,
      "exitPrice": 85.4,
      "betAmount": 3.7265877261651923,
      "pnlPercent": 0,
      "pnlValue": 0,
      "reason": "STOP_LOSS",
      "bankrollBefore": 98.08,
      "bankrollAfter": 98.08,
      "timestamp": "2026-02-15T19:51:17.828Z",
      "consensusSnapshot": {
        "agreeingCount": 5,
        "opposingCount": 4,
        "weightedStrength": 62.98879162861092,
        "topStrategies": [
          "ema_triple_9_21_55",
          "ema_cross_9_21",
          "ema_cross_12_26",
          "roc_12",
          "elder_ray"
        ]
      }
    },
    {
      "symbol": "SOLUSDT",
      "side": "SHORT",
      "entryPrice": 85.4,
      "exitPrice": 85.4,
      "betAmount": 3.7265877261651923,
      "pnlPercent": 0,
      "pnlValue": 0,
      "reason": "STOP_LOSS",
      "bankrollBefore": 98.08,
      "bankrollAfter": 98.08,
      "timestamp": "2026-02-15T19:51:32.524Z",
      "consensusSnapshot": {
        "agreeingCount": 5,
        "opposingCount": 4,
        "weightedStrength": 62.98879162861092,
        "topStrategies": [
          "ema_triple_9_21_55",
          "ema_cross_9_21",
          "ema_cross_12_26",
          "roc_12",
          "elder_ray"
        ]
      }
    },
    {
      "symbol": "SOLUSDT",
      "side": "SHORT",
      "entryPrice": 85.4,
      "exitPrice": 85.39,
      "betAmount": 3.7265877261651923,
      "pnlPercent": 0.81,
      "pnlValue": 0.03,
      "reason": "TAKE_PROFIT",