{
  "sessionId": "session_1771177252793",
  "botId": "v2-periodic-gen274-1771177252791",
  "botName": "Pulse",
  "generation": 274,
  "genome": {
    "id": "v2-periodic-gen274-1771177252791",
    "name": "Pulse",
    "generation": 274,
    "parentIds": [
      "v2-periodic-gen265-1771174846396",
      "v2-periodic-gen253-1771171237419"
    ],
    "strategyMask": [
      true,
      true,
      true,
      false,
      false,
      true,
      false,
      true,
      false,
      false,
      false,
      false,
      true,
      true,
      false,
      false,
      true,
      true,
      true,
      false,
      false,
      false,
      false,
      true,
      true,
      false,
      false,
      false,
      false,
      true
    ],
    "strategyWeights": [
      1.3626505488997767,
      0.9662714599061816,
      1.0853510431979658,
      1.225744865314488,
      1.3474140733193865,
      1.4866799061515015,
      0.383953369167392,
      0.31225667854429817,
      1.4462193723909509,
      1.5524322193799747,
      0.8319958519193038,
      0.3279424352199519,
      1.0927696777594906,
      0.6962169950360132,
      0.3712769636043135,
      0.5995933849539722,
      0.7364895542976604,
      0.2,
      0.1564117214121649,
      1.1548072276424648,
      0.2579843192895431,
      1.607300290372572,
      1.8754731994977885,
      0.15472589783695578,
      0.42277018645599906,
      0.44842618814831736,
      0.1,
      0.13963347364332862,
      2,
      0.1
    ],
    "consensus": {
      "minAgreeingSignals": 2,
      "maxOpposingSignals": 5,
      "minWeightedStrength": 44.86439917619772,
      "preferredDirection": "ANY"
    },
    "risk": {
      "atrMultiplierTP": 2.257660143699929,
      "atrMultiplierSL": 1.1528743945856181,
      "trailingStopATR": 1.056025092653077,
      "flipExitThreshold": 7,
      "leverage": 62,
      "maxOpenPositions": 4,
      "maxExposurePercent": 35
    },
    "betting": {
      "basePercent": 3.661997684617151,
      "winMultiplier": 1,
      "lossMultiplier": 0.9536317491348757,
      "maxBetPercent": 12,
      "resetAfterLosses": 3
    },
    "symbols": [
      "BTCUSDT",
      "ETHUSDT",
      "SOLUSDT",
      "BNBUSDT",
      "XRPUSDT"
    ]
  },
  "startBankroll": 100,
  "endBankroll": 99.58,
  "peakBankroll": 100.13,
  "totalTrades": 20,
  "wins": 8,
  "losses": 12,
  "winRate": 40,
  "maxDrawdown": 0.55,
  "finalReason": "EVOLVED_OUT",
  "startTime": "2026-02-15T17:40:52.793Z",
  "endTime": "2026-02-15T17:45:49.804Z",
  "trades": [
    {
      "symbol": "ETHUSDT",
      "side": "SHORT",
      "entryPrice": 1989.13,
      "exitPrice": 1989.13,
      "betAmount": 3.661997684617151,
      "pnlPercent": 0,
      "pnlValue": 0,
      "reason": "STOP_LOSS",
      "bankrollBefore": 100,
      "bankrollAfter": 100,
      "timestamp": "2026-02-15T17:43:01.174Z",
      "consensusSnapshot": {
        "agreeingCount": 8,
        "opposingCount": 4,
        "weightedStrength": 47.055467171566534,
        "topStrategies": [
          "ema_triple_9_21_55",
          "momentum_10",
          "ema_cross_9_21",
          "adx_trend",
          "ema_cross_12_26"
        ]
      }
    },
    {
      "symbol": "ETHUSDT",
      "side": "SHORT",
      "entryPrice": 1989.13,
      "exitPrice": 1988.9,
      "betAmount": 3.4921972573093183,
      "pnlPercent": 0.72,
      "pnlValue": 0.03,
      "reason": "TAKE_PROFIT",
      "bankrollBefore": 100,
      "bankrollAfter": 100.03,
      "timestamp": "2026-02-15T17:43:07.580Z",
      "consensusSnapshot": {
        "agreeingCount": 8,
        "opposingCount": 4,
        "weightedStrength": 47.055467171566534,
        "topStrategies": [
          "ema_triple_9_21_55",
          "momentum_10",
          "ema_cross_9_21",
          "adx_trend",
          "ema_cross_12_26"
        ]
      }
    },
    {
      "symbol": "ETHUSDT",
      "side": "SHORT",
      "entryPrice": 1989.13,
      "exitPrice": 1988.87,
      "betAmount": 3.4930715440498195,
      "pnlPercent": 0.81,
      "pnlValue": 0.03,
      "reason": "TAKE_PROFIT",
      "bankrollBefore": 100.03,
      "bankrollAfter": 100.05,
      "timestamp": "2026-02-15T17:43:13.755Z",
      "consensusSnapshot": {
        "agreeingCount": 8,
        "opposingCount": 4,
        "weightedStrength": 47.055467171566534,
        "topStrategies": [
          "ema_triple_9_21_55",
          "momentum_10",
          "ema_cross_9_21",
          "adx_trend",
          "ema_cross_12_26"
        ]
      }
    },
    {
      "symbol": "ETHUSDT",
      "side": "SHORT",
      "entryPrice": 1988.87,
      "exitPrice": 1988.87,
      "betAmount": 3.4940601156224944,
      "pnlPercent": 0,
      "pnlValue": 0,
      "reason": "STOP_LOSS",
      "bankrollBefore": 100.05,
      "bankrollAfter": 100.05,
      "timestamp": "2026-02-15T17:43:16.641Z",
      "consensusSnapshot": {
        "agreeingCount": 8,
        "opposingCount": 4,
        "weightedStrength": 47.055467171566534,
        "topStrategies": [
          "ema_triple_9_21_55",
          "momentum_10",
          "ema_cross_9_21",
          "adx_trend",
          "ema_cross_12_26"
        ]
      }
    },
    {
      "symbol": "ETHUSDT",
      "side": "SHORT",
      "entryPrice": 1989.14,
      "exitPrice": 1989.13,
      "betAmount": 3.3320466596434857,
      "pnlPercent": 0.03,
      "pnlValue": 0,
      "reason": "TAKE_PROFIT",
      "bankrollBefore": 100.05,
      "bankrollAfter": 100.05,
      "timestamp": "2026-02-15T17:43:26.676Z",
      "consensusSnapshot": {
        "agreeingCount": 8,
        "opposingCount": 4,
        "weightedStrength": 47.055467171566534,
        "topStrategies": [
          "ema_triple_9_21_55",
          "momentum_10",
          "ema_cross_9_21",
          "adx_trend",
          "ema_cross_12_26"
        ]
      }
    },
    {
      "symbol": "ETHUSDT",
      "side": "SHORT",
      "entryPrice": 1989.13,
      "exitPrice": 1989.13,
      "betAmount": 3.3320812469610575,
      "pnlPercent": 0,
      "pnlValue": 0,
      "reason": "STOP_LOSS",
      "bankrollBefore": 100.05,
      "bankrollAfter": 100.05,
      "timestamp": "2026-02-15T17:43:30.004Z",
      "consensusSnapshot": {
        "agreeingCount": 8,
        "opposingCount": 4,
        "weightedStrength": 47.055467171566534,
        "topStrategies": [
          "ema_triple_9_21_55",
          "momentum_10",
          "ema_cross_9_21",
          "adx_trend",
          "ema_cross_12_26"
        ]
      }
    },
    {
      "symbol": "ETHUSDT",
      "side": "SHORT",
      "entryPrice": 1989.13,
      "exitPrice": 1988.34,
      "betAmount": 3.177578467798991,
      "pnlPercent": 2.46,
      "pnlValue": 0.08,
      "reason": "TAKE_PROFIT",
      "bankrollBefore": 100.05,
      "bankrollAfter": 100.13,
      "timestamp": "2026-02-15T17:43:36.341Z",
      "consensusSnapshot": {
        "agreeingCount": 8,
        "opposingCount": 4,
        "weightedStrength": 47.055467171566534,
        "topStrategies": [
          "ema_triple_9_21_55",
          "momentum_10",
          "ema_cross_9_21",
          "adx_trend",
          "ema_cross_12_26"
        ]
      }
    },
    {
      "symbol": "ETHUSDT",
      "side": "SHORT",
      "entryPrice": 1988.34,
      "exitPrice": 1988.34,
      "betAmount": 3.180063385829147,
      "pnlPercent": 0,
      "pnlValue": 0,
      "reason": "STOP_LOSS",
      "bankrollBefore": 100.13,
      "bankrollAfter": 100.13,
      "timestamp": "2026-02-15T17:43:45.450Z",
      "consensusSnapshot": {
        "agreeingCount": 8,
        "opposingCount": 4,
        "weightedStrength": 47.055467171566534,
        "topStrategies": [
          "ema_triple_9_21_55",
          "momentum_10",
          "ema_cross_9_21",
          "adx_trend",
          "ema_cross_12_26"
        ]
      }
    },
    {
      "symbol": "ETHUSDT",
      "side": "SHORT",
      "entryPrice": 1988.34,
      "exitPrice": 1989.14,
      "betAmount": 3.0326094089880247,
      "pnlPercent": -2.49,
      "pnlValue": -0.08,